Id,Total Earned Credits,Remaining Credits,BIF205,BIF243,BIF244,BIF245,BIF310,BIF375,BIF415,CSC201,CSC206,CSC241,CSC243,CSC245,CSC310,CSC320,CSC322,CSC326,CSC375,CSC412,CSC430,CSC435,CSC443,CSC447,CSC458,CSC460,CSC461,CSC480,CSC490,CSC491,CSC599,CSC615,MTH101,MTH102,MTH201,MTH206,MTH207,MTH301,MTH303,MTH304,MTH305,MTH307,MTH311,MTH401,MTH403,MTH409,STA102,STA205,STA302,CSC243B,CSC245B,CSC498B,CSC498G,CSC498H,CSC498P,CSC498X,CSC599H,CSC498AC,CSC498AD,CSC498AE,CSC498HJ,CSC498HM
stu1,70,52,,,,,,,,,,,,,,,,,,,,,,,,,,,,,,,,,,,,,,,,,,,,,,,,,,,,,,,,,,,,
stu2,30,92,,,,,,,,,,,,,,,,,,,,,,,,,,,,,,,,,,,,,,,,,,,,,,,,,,,,,,,,,,,,
stu3,24,98,,,,,,,,,,,,,,,,,,,,,,,,,,,,,,,,,,,,,,,,,,,,,,,,,,,,,,,,,,,,
stu4,18,104,,,,,,,,,,,,,,,,,,,,,,,,,,,,,,,,,,,,,,,,,,,,,,,,,,,,,,,,,,,,
stu5,10,112,,,,,,,,,,,,,,,,,,,,,,,,,,,,,,,,,,,,,,,,,,,,,,,,,,,,,,,,,,,,
stu6,69,53,Y,,,,,,,Y,,,Y,Y,,Y,Y,,,,,,,,,,,,,,,,Y,Y,Y,,Y,,,,,,,,,,,,,,,,,,,,,,,,,
stu7,111,11,,Y,,Y,,,Y,,,,,,Y,Y,Y,Y,Y,,Y,Y,Y,Y,,,,Y,Y,Y,Y,,,,Y,,Y,,,Y,Y,Y,,,,,,,,,,Y,,,,Y,,,,,,
stu8,88,34,,Y,,Y,,,Y,,,Y,,,Y,Y,Y,Y,Y,,,,Y,,,,,,,,,,,,Y,,Y,,,,,,,,,,,Y,,,,,,,,,,,,,,
stu9,104,18,,Y,,Y,,,Y,,,,,,Y,Y,Y,Y,Y,,Y,Y,Y,Y,,,Y,Y,Y,Y,,,,,Y,,Y,Y,,,Y,Y,,,,,,,,,,,,,,Y,,,,,,
stu10,77,45,,Y,,Y,Y,,,,,,,,,Y,Y,Y,Y,,,Y,,Y,,,,,Y,Y,,,,,Y,,Y,,,,Y,Y,,,,,,,,,,,,,,,,,,,,
stu11,62,60,,Y,,,,,,,,,,Y,Y,Y,Y,Y,Y,,,,,,,,,,,Y,,,,,Y,,Y,,,Y,,,,,,,,,,,,,,,,,,,,,,
stu12,63,59,,Y,,Y,,Y,,,,,,,Y,Y,Y,,,,,,,,,,,,,,,,,Y,Y,,Y,Y,,,,,,,,,,,,,,,,,,,,,,,,
stu13,50,72,,Y,,Y,,,,,,,,,Y,Y,Y,,,,,,,,,,,,,,,,,,Y,,Y,,,,,,,,,,,,,,,,,,,,,,,,,
stu14,58,64,,Y,,Y,Y,Y,,,,,,,,,,,,,,,,,,,,,,,,,,,Y,,Y,Y,,,,,,,,,,,,,,,,,,,,,,,,
stu15,36,86,,Y,,,,,,,,,,Y,,Y,Y,,,,,,,,,,,,,,,,,,,,Y,,,,,,,,,,,,,,Y,,,,,,,,,,,
stu16,37,85,,Y,,Y,,,Y,,,,,,,,,,,,,,,,,,,,,,,,,,Y,,Y,,,,,,,,,,,,,,,,,,,,,,,,,
stu17,30,92,,Y,,,,,,,,,,Y,,Y,Y,,,,,,,,,,,,,,,,,,,,Y,,,,,,,,,,,,,,Y,,,,,,,,,,,
stu18,113,9,,,Y,,,,,,,,Y,Y,Y,Y,Y,Y,Y,,Y,Y,,Y,,,Y,Y,Y,Y,,,Y,Y,Y,,Y,Y,,,Y,Y,,,,,,,,,,,Y,,,,,,,Y,,
stu19,89,33,,,Y,,,,,,,,Y,Y,Y,Y,Y,Y,Y,,,,Y,,,,,,,,,,Y,Y,Y,,Y,,,Y,Y,,,,,,,,,,,,,,,,,,,,,
stu20,91,31,,,Y,,,,,,,,Y,Y,Y,Y,Y,Y,Y,,,,,Y,,Y,,,Y,Y,,,Y,Y,Y,,Y,,,Y,Y,,,,,,,,,,,,,,,,,,,,,
stu21,43,79,,,Y,,,,,,,,Y,Y,,Y,Y,,,,,,,,,,,,,,,,,Y,Y,,Y,,,,,,,,,,,,,Y,Y,,,,,,,,,,,
stu22,37,85,,,Y,,,,,,,,Y,Y,,,,,,,,,,,,,,,,,,,Y,,,,,,,,,,,,,,,,,Y,Y,,,,,,,,,,,
stu23,29,93,,,Y,,,,,,,,Y,Y,,,,,,,,,,,,,,,,,,,,,,,,,,,,,,,,,,,,Y,Y,,,,,,,,,,,
stu24,82,40,,,,,,,Y,,,,Y,Y,Y,Y,Y,Y,Y,,,,,Y,Y,,,,Y,Y,,,Y,Y,Y,,Y,Y,,,,Y,,,,,,,,,,,,,,,,,,,,
stu25,70,52,,,,,,,Y,,,,Y,Y,Y,Y,Y,Y,Y,,,,,Y,,,,,Y,Y,,,,,Y,,Y,,,,,Y,,,,,,,,,,,,,,,,,,,,
stu26,30,92,,,,,,,Y,,,,Y,,,,,,,,,,,,,,,,,,,,Y,Y,Y,,Y,,,,,,,,,,,,,Y,,,,,,,,,,,,
stu27,128,-6,,,,,,,,Y,Y,,Y,,,,,,,,,,,,,,,,,,,,Y,,,,,,,,,,,,,,,,,Y,,,,,,,,,,,,
stu28,176,-54,,,,,,,,Y,,,Y,Y,Y,Y,Y,Y,Y,,Y,,Y,Y,,,,Y,Y,Y,,,,,Y,,Y,Y,,,Y,Y,,,,,,,,,,Y,Y,,Y,,,,,,Y,
stu29,114,8,,,,,,,,Y,,,Y,Y,Y,Y,Y,Y,Y,,,,Y,Y,,Y,,,Y,Y,,,,,Y,,Y,,,Y,,Y,,,,,,,Y,,,,Y,,,,,,,,,
stu30,84,38,,,,,,,,Y,,,Y,Y,Y,Y,Y,Y,Y,,Y,Y,Y,Y,,,,Y,Y,,Y,,,,Y,,Y,,,,Y,Y,,,,,,,,,,,,,,Y,,,,,,
stu31,120,2,,,,,,,,Y,,,Y,Y,Y,Y,Y,Y,Y,,Y,Y,Y,Y,,,Y,Y,Y,Y,Y,,,,Y,Y,Y,Y,,Y,Y,Y,,,,,,,,,,Y,,,Y,,,,,,,
stu32,80,42,,,,,,,,Y,,Y,Y,Y,,Y,Y,,,,,,,,,,,,,,,,Y,Y,Y,,Y,,,,Y,,,,,,,,,,Y,,,,,,,,,,,
stu33,114,8,,,,,,,,Y,,,Y,Y,Y,Y,Y,Y,Y,,Y,Y,Y,Y,,,Y,Y,Y,Y,Y,,,,Y,,Y,,,Y,Y,Y,,,,,,,,,,Y,,,Y,,,,,,,
stu34,73,49,,,,,,,,Y,,,Y,Y,Y,Y,Y,,Y,,,,,,,,,,,,,,Y,Y,Y,,Y,,,Y,,,,,,,,,,,,,,,Y,,,,,,,
stu35,77,45,,,,,,,,Y,,,Y,Y,Y,Y,Y,Y,Y,,,,,Y,,Y,,,Y,Y,,,,,Y,,Y,Y,,,,Y,,,,,,,,,,,,,Y,,,,,,,
stu36,63,59,,,,,,,,Y,,,Y,,,,,,,,,,,,,,,,,,,,Y,Y,,,,,,,,,,,,,,,,,,,,,,,,,,,,
stu37,80,42,,,,,,,,Y,,,Y,Y,Y,Y,Y,Y,Y,,,,,,,,,,Y,,,,,,Y,Y,Y,Y,,Y,Y,,,Y,Y,Y,,,,,,,,,,,,,,,,
stu38,65,57,,,,,,,,Y,,,Y,Y,Y,Y,Y,,Y,,,,,,,,,,,,,,,,Y,,Y,,,Y,Y,,,,,,,,,,,,,,,,,,,,,
stu39,43,79,,,,,,,,Y,,,Y,,,,,,,,,,,,,,,,,,,,,,,,Y,,,,,,,,,,,,,,,,,,,,,,,,,
stu40,79,43,,,,,,,,Y,,,Y,Y,Y,Y,Y,Y,Y,,,,,Y,,Y,,,Y,Y,,,,,Y,,Y,,,,Y,Y,,,,,,,,,,,,,,,,,,,,
stu41,75,47,,,,,,,,Y,,,Y,Y,Y,Y,Y,Y,Y,,,,,,,,,,,,,,Y,Y,Y,,Y,,,,,,,,,,,,,,,,,,,,,,,,,
stu42,74,48,,,,,,,,Y,,,Y,Y,Y,Y,Y,Y,Y,,,,Y,Y,,,,,Y,Y,,,,,Y,,Y,,,Y,Y,,,,,,,,,,,,,,,,,,,,,
stu43,61,61,,,,,,,,Y,,,Y,Y,Y,Y,Y,Y,Y,,,,,,,,,,,,,,,,Y,,Y,,,Y,,,,,,,,,,,,,,,,,,,,,,
stu44,61,61,,,,,,,,Y,Y,,Y,Y,,Y,Y,,,,,,,,,,,,,,,,Y,Y,Y,,Y,,,,,,,,,,,,,,,,,,,,,,,,,
stu45,58,64,,,,,,,,Y,,,Y,Y,,Y,Y,,,,,,,,,,,,,,,,,,Y,,Y,,,,,,,,,,,,Y,,Y,,,,,,,,,,,
stu46,78,44,,,,,,,,Y,,,Y,Y,Y,Y,Y,Y,Y,,Y,,,Y,,,,,Y,Y,,,Y,Y,Y,,Y,,,Y,,Y,,,,,,,,,,,,,,,,,,,,
stu47,41,81,,,,,,,,Y,,,Y,Y,,Y,Y,,,,,,,,,,,,,,,,,,Y,,Y,,,,,,,,,,,,,Y,Y,,,,,,,,,,,
stu48,44,78,,,,,,,,Y,,,Y,Y,,Y,Y,,,,,,,,,,,,,,,,,,,,Y,,,,,,,,,,,,,Y,Y,,,,,,,,,,,
stu49,24,98,,,,,,,,Y,,,Y,,,,,,,,,,,,,,,,,,,,,,,,Y,,,,,,,,,,,,,Y,,,,,,,,,,,,
stu50,105,17,,,,,,,,,Y,,Y,Y,Y,Y,Y,Y,Y,,Y,Y,,,,,,Y,Y,,,,,,Y,,Y,Y,,,Y,Y,,,,,,,,,,,,,,,,,,,,
stu51,106,16,,,,,,,,,Y,,Y,Y,Y,Y,Y,Y,Y,,Y,Y,,Y,Y,,Y,Y,Y,Y,Y,,Y,Y,Y,,Y,Y,,,Y,Y,,,,,,,,,,,,,Y,Y,,,,,,
stu52,118,4,,,,,,,,,Y,,Y,Y,Y,Y,Y,Y,Y,,Y,Y,Y,Y,Y,,,Y,Y,Y,Y,,,,Y,,Y,Y,,,Y,Y,,,,,,,,,,,,,,Y,,Y,,,,
stu53,106,16,,,,,,,,,Y,Y,Y,Y,Y,Y,Y,Y,Y,,Y,Y,Y,Y,,,,,Y,Y,Y,,Y,Y,Y,,Y,,,Y,Y,Y,,,,,,,,,,,,,,Y,,,,,,
stu54,110,12,,,,,,,,,Y,,Y,Y,Y,Y,Y,Y,Y,,Y,Y,Y,Y,Y,,Y,Y,Y,Y,,,,,Y,,Y,Y,,,Y,Y,,,,,,,,,,Y,,,,,,,,,,
stu55,112,10,,,,,,,,,Y,,Y,Y,Y,Y,Y,Y,Y,,Y,Y,Y,Y,Y,,Y,Y,Y,,,,Y,Y,Y,,Y,Y,,,Y,Y,,,,,,,,,,,,,,Y,,,,,,
stu56,76,46,,,,,,,,,Y,,Y,Y,Y,Y,Y,Y,Y,,,,Y,,,,,,Y,Y,,,Y,Y,Y,,Y,,,,,,,,,,,,,,,,,,,Y,,,,,,
stu57,103,19,,,,,,,,,Y,,Y,Y,Y,Y,Y,Y,Y,,Y,Y,Y,Y,Y,,,Y,Y,,Y,,,,Y,,Y,Y,,,Y,Y,,,,,,,,,,,Y,,,Y,,,,,,
stu58,106,16,,,,,,,,,Y,,Y,Y,Y,Y,Y,Y,Y,,Y,Y,,Y,Y,,Y,Y,Y,,,,,,Y,,Y,Y,,,Y,Y,,,,,,,,,,,,,,Y,,,,Y,,
stu59,103,19,,,,,,,,,Y,,Y,Y,Y,Y,Y,Y,Y,,,,,Y,,Y,,Y,Y,Y,,,,,Y,,Y,,,Y,Y,Y,,,,,,,,,,,Y,,Y,,,,,,,
stu60,109,13,,,,,,,,,Y,,Y,Y,Y,Y,Y,Y,Y,,Y,Y,Y,Y,Y,,Y,Y,Y,,,,,,Y,,Y,,,Y,Y,Y,,,,,,,,,,,,,,Y,,,,,,
stu61,112,10,,,,,,,,,Y,,Y,Y,Y,Y,Y,Y,Y,,Y,Y,Y,Y,Y,,Y,Y,Y,,,,Y,Y,Y,,Y,Y,,,Y,Y,,,,,,,,,,,Y,,,,,,,,,
stu62,106,16,,,,,,,,,Y,,Y,Y,Y,Y,Y,Y,Y,,Y,Y,Y,Y,Y,,Y,Y,Y,,Y,,,,Y,,Y,Y,,,Y,Y,,,,,,,,,,,,,,Y,,,,,,
stu63,88,34,,,,,,,,,Y,,Y,Y,Y,Y,Y,Y,Y,,Y,Y,Y,Y,,,,,Y,Y,Y,,,,Y,,Y,,,Y,Y,Y,,,,,,,,,,,,,,Y,,,,,,
stu64,97,25,,,,,,,,,Y,,Y,Y,Y,Y,Y,Y,Y,Y,,,Y,Y,,Y,,Y,Y,Y,,,,,Y,,Y,,,Y,Y,Y,,,,,,,,,,,Y,,,,,,,,,
stu65,92,30,,,,,,,,,Y,,Y,Y,Y,Y,Y,Y,Y,,Y,,Y,Y,,Y,,Y,Y,Y,,,Y,Y,Y,,Y,Y,,,,Y,,,,,,,,,,,Y,,,,,,,,,
stu66,106,16,,,,,,,,,Y,,Y,Y,Y,Y,Y,Y,Y,,Y,Y,Y,Y,Y,,Y,Y,Y,,,,,,Y,,Y,,,Y,Y,Y,,,,,,,,,,,,,,,Y,,,,,Y
stu67,107,15,,,,,,,,,Y,,Y,Y,Y,Y,Y,Y,Y,,Y,Y,Y,Y,Y,,Y,Y,Y,Y,Y,,,,Y,,Y,,,Y,Y,Y,,,,,,,,,,,,,,Y,,,,,,
stu68,100,22,,,,,,,,,Y,,Y,Y,Y,Y,Y,Y,Y,,Y,Y,Y,Y,Y,,,,Y,,,,,,Y,,Y,Y,,,Y,Y,,,,,,,,,,,Y,,,,,,,Y,,
stu69,109,13,,,,,,,,,Y,,Y,Y,Y,Y,Y,Y,Y,,Y,Y,Y,Y,Y,,Y,Y,Y,,,,Y,Y,Y,,Y,Y,,,Y,Y,,,,,,,,,,,Y,,,,,,,,,
stu70,103,19,,,,,,,,,Y,,Y,Y,Y,Y,Y,Y,Y,,Y,Y,Y,Y,Y,,,Y,Y,,Y,,,,Y,,Y,,,,Y,Y,,,,,,,,,,,,,,Y,,,,Y,,
stu71,77,45,,,,,,,,,Y,,Y,Y,Y,Y,Y,Y,Y,,,,,,,,,,,,,,,,Y,,Y,,,,Y,,,,,,,,,,,,,,,,,,,,,
stu72,85,37,,,,,,,,,Y,,Y,Y,Y,Y,Y,Y,Y,,Y,,,Y,,,,,Y,,,,Y,Y,Y,,Y,,,,,,,,,,,,,,,,,,,,,,,,,
stu73,104,18,,,,,,,,,Y,,Y,Y,Y,Y,Y,Y,Y,,Y,Y,Y,Y,Y,,Y,Y,Y,Y,Y,,,,Y,,Y,,,Y,Y,Y,,,,,,,,,,,,,,Y,,,,,,
stu74,78,44,,,,,,,,,Y,,Y,Y,Y,Y,Y,Y,Y,,,,,,,,,Y,,,,,,,Y,Y,Y,,,Y,Y,,,,,,,,,,,,,,,,,,,,,
stu75,101,21,,,,,,,,,Y,,Y,Y,Y,Y,Y,Y,Y,,Y,Y,Y,Y,,,Y,Y,Y,Y,,,,,Y,,Y,,,Y,Y,Y,,,,,,,,,,Y,,,,Y,,,,,,
stu76,108,14,,,,,,,,,Y,,Y,Y,Y,Y,Y,Y,Y,,Y,Y,Y,Y,Y,,,Y,Y,Y,Y,,,,Y,,Y,,,Y,Y,Y,,,,,,,,,,Y,,,,Y,,,,,,
stu77,79,43,,,,,,,,,Y,,Y,Y,Y,Y,Y,Y,Y,,,,,Y,Y,,,,Y,Y,,,,,Y,,Y,Y,,,Y,Y,,,,,,,,,,,,,,,,,,,,
stu78,61,61,,,,,,,,,Y,,Y,Y,,Y,Y,Y,,,,,,,,,,,,,,,Y,Y,Y,,Y,,,,,,,,,,,,,,,,,,,,,,,,,
stu79,29,93,,,,,,,,,Y,,Y,Y,,,,,,,,,,,,,,,,,,,Y,Y,Y,,Y,,,,,,,,,,,,,,Y,,,,,,,,,,,
stu80,67,55,,,,,,,,,Y,,Y,Y,Y,Y,Y,Y,Y,,,,Y,Y,,,,,Y,Y,,,,,Y,,Y,,,,,Y,,,,,,,,,,,,,,,,,,,,
stu81,73,49,,,,,,,,,Y,,Y,Y,Y,Y,Y,Y,Y,,,,,Y,,,,,Y,Y,,,,,Y,,Y,,,,,Y,,,,,,,,,,,,,,Y,,,,,,
stu82,70,52,,,,,,,,,Y,,Y,Y,Y,Y,Y,Y,Y,Y,,,,Y,,Y,,,Y,Y,,,,,Y,,Y,,,,,Y,,,,,,,,,,,Y,,Y,,,,,,,
stu83,67,55,,,,,,,,,Y,,Y,Y,Y,Y,Y,Y,Y,,Y,,Y,,,,,,Y,,,,,,Y,,Y,,,Y,Y,Y,,,,,,,,,,,,,,,,,,,,
stu84,63,59,,,,,,,,,Y,,Y,Y,Y,Y,Y,,Y,,,,,,,,,Y,,,,,Y,Y,Y,,Y,,,,,,,,,,,,,,,,,,,,,,,,,
stu85,49,73,,,,,,,,,Y,,Y,Y,Y,Y,Y,Y,Y,,,,,,,,,,,,,,,Y,Y,,Y,,,Y,,,,,,,,,,,,,,,,,,,,,,
stu86,56,66,,,,,,,,,Y,,Y,Y,Y,Y,Y,Y,Y,Y,,,,,,,,,,,,,,Y,Y,,Y,,,,,,,,,,,,,,,,,,,,,,,,,
stu87,71,51,,,,,,,,,Y,,Y,Y,Y,Y,Y,Y,Y,,,,,Y,,Y,,,Y,Y,,,,,Y,,Y,Y,,,Y,,,,,,,,,,,,,,,,,,,,,
stu88,49,73,,,,,,,,,Y,,Y,Y,,Y,Y,,,,,,,,,,,,,,,,,,Y,,Y,,,,,,,,,,,,,,Y,,,,,,,,,,,
stu89,50,72,,,,,,,,,Y,,Y,Y,,Y,Y,,,,,,,,,,,,,,,,Y,Y,,,Y,,,,,,,,,,,,,,Y,,,,,,,,,,,
stu90,36,86,,,,,,,,,Y,,Y,Y,,Y,Y,,,,,,,,,,,,,,,,,,Y,,Y,,,,,,,,,,,,,Y,Y,,,,,,,,,,,
stu91,95,27,,,,,,,,,,Y,Y,Y,Y,Y,Y,Y,Y,,Y,Y,Y,Y,,,Y,,Y,,,,Y,Y,Y,,Y,,,Y,Y,,,,,,,,,,,,,,,Y,,,,,,
stu92,101,21,,,,,,,,,,Y,Y,Y,Y,Y,Y,Y,Y,Y,Y,Y,Y,Y,Y,,,Y,Y,,,,,,Y,,Y,,,Y,Y,Y,,,,,,,,,,,,,,,,,,,,
stu93,118,4,,,,,,,,,,Y,Y,Y,Y,Y,Y,Y,Y,,Y,Y,Y,Y,Y,,,Y,Y,Y,Y,,Y,Y,Y,,Y,,,Y,Y,Y,,,,,,,,Y,,,,,,Y,,,,Y,,
stu94,106,16,,,,,,,,,,Y,Y,Y,Y,Y,Y,Y,Y,,Y,Y,Y,Y,Y,,,Y,Y,,,,,,Y,,Y,Y,,,Y,Y,,,,,,,,,,,,,,Y,,,,Y,,
stu95,107,15,,,,,,,,,,Y,Y,Y,Y,Y,Y,Y,Y,,Y,Y,Y,Y,Y,,,Y,Y,Y,Y,,,,Y,,Y,,,Y,Y,Y,,,,,,,,,,,,,Y,Y,,,,,,
stu96,74,48,,,,,,,,,,Y,Y,Y,Y,Y,Y,Y,Y,,,,,Y,,,,,Y,Y,,,,,Y,,Y,,,Y,,Y,,,,,,,,,,,,,,,,,,,,
stu97,107,15,,,,,,,,,,Y,Y,Y,Y,Y,Y,Y,Y,,Y,Y,Y,Y,Y,,,Y,Y,Y,Y,,,Y,Y,,Y,Y,,,Y,Y,,,,,,,,,,Y,,,,Y,,,,,,
stu98,106,16,,,,,,,,,,Y,Y,Y,Y,Y,Y,Y,Y,,Y,Y,Y,Y,Y,,,Y,Y,,Y,,,,Y,,Y,Y,,,Y,Y,,,,,,,,,,Y,,,,Y,,,,,,
stu99,106,16,,,,,,,,,,Y,Y,Y,Y,Y,Y,Y,Y,,Y,Y,Y,Y,,,Y,Y,Y,,,,,,Y,,Y,Y,,,Y,Y,,,,,,,,,,,,,,Y,,,,Y,,
stu100,106,16,,,,,,,,,,Y,Y,Y,Y,Y,Y,Y,Y,,Y,Y,Y,Y,Y,,,Y,Y,Y,Y,,,,Y,,Y,Y,,,Y,Y,,,,,,,,,,,,,,Y,,,,Y,,
stu101,103,19,,,,,,,,,,Y,Y,Y,Y,Y,Y,Y,Y,,Y,Y,Y,Y,Y,,Y,Y,Y,,Y,,Y,Y,Y,,Y,Y,,,Y,Y,,,,,,,,,,,Y,,,,,,,,,
stu102,106,16,,,,,,,,,,Y,Y,Y,Y,Y,Y,Y,Y,,Y,Y,Y,Y,Y,,,Y,Y,,,,,,Y,,Y,,,Y,Y,Y,,,,,,,,,,,,,,Y,,,,Y,,
stu103,66,56,,,,,,,,,,Y,Y,Y,,Y,Y,,,,,,,,,,,,,,,,Y,Y,Y,,Y,,,Y,,,,,,,,,,,Y,,,,,,,,,,,
stu104,82,40,,,,,,,,,,Y,Y,Y,Y,Y,Y,Y,Y,,,Y,Y,Y,,,,,Y,,Y,,,,Y,,Y,,,,,Y,,,,,,,,,,,,,,Y,,,,,,
stu105,73,49,,,,,,,,,,Y,Y,Y,Y,Y,Y,Y,Y,,,,Y,Y,,,Y,,,Y,,,,,Y,,Y,,,Y,Y,,,,,,,,,,,,,,,,,,,,,
stu106,73,49,,,,,,,,,,Y,Y,Y,Y,Y,Y,Y,Y,,,,,Y,,,,,Y,Y,,,,,Y,,Y,,,,,Y,,,,,,,,,,,,,,Y,,,,,,
stu107,76,46,,,,,,,,,,Y,Y,Y,Y,Y,Y,Y,Y,,,,,Y,,,,,Y,Y,,,,,Y,,Y,,,,Y,,,,,,,,,,,,,,,Y,,,,,,
stu108,61,61,,,,,,,,,,Y,Y,Y,Y,Y,Y,Y,Y,,,Y,,,,,,,Y,Y,,,,,Y,,Y,,,,,,,,,,,,,,,,,,,,,,,,,
stu109,70,52,,,,,,,,,,Y,Y,Y,Y,Y,Y,Y,Y,,,,Y,,,,,,Y,,,,,,Y,,Y,,,Y,Y,,,,,,,,,,,,,,,Y,,,,,,
stu110,70,52,,,,,,,,,,Y,Y,Y,Y,Y,Y,Y,Y,,,,,Y,,,,,Y,Y,,,,,Y,,Y,,,,,Y,,,,,,,,,,,,,,Y,,,,,,
stu111,70,52,,,,,,,,,,Y,Y,Y,Y,Y,Y,Y,Y,,,,,Y,,,,,Y,Y,,,,,Y,,Y,,,,Y,Y,,,,,,,,,,,,,,Y,,,,,,
stu112,73,49,,,,,,,,,,Y,Y,Y,Y,Y,Y,Y,Y,,,,Y,Y,,,,,Y,Y,,,,,Y,,Y,,,,,Y,,,,,,,,,,,,,,,,,,,,
stu113,73,49,,,,,,,,,,Y,Y,Y,Y,Y,Y,Y,Y,,,,,,,,,,Y,Y,,,,,Y,,Y,,,Y,Y,,,,,,,,,,,,,,,,,,,,,
stu114,52,70,,,,,,,,,,Y,Y,Y,Y,Y,Y,,Y,,,,,,,,,,Y,,,,,,Y,,Y,,,,,,,,,,,,,,,,,,,,,,,,,
stu115,76,46,,,,,,,,,,Y,Y,Y,Y,Y,Y,Y,Y,,Y,,,Y,Y,,,,Y,Y,,,,,Y,,Y,Y,,,Y,,,,,,,,,,,,,,,,,,,,,
stu116,76,46,,,,,,,,,,Y,Y,Y,Y,Y,Y,Y,Y,,Y,,,Y,,,,,Y,Y,,,,,Y,,Y,,,Y,Y,,,,,,,,,Y,,,,,,,,,,,,
stu117,95,27,,,,,,,,,,,Y,Y,Y,Y,Y,Y,Y,,Y,,Y,,,,,Y,Y,Y,,,,,Y,,Y,,,,,,,,,,,,,,,,Y,,,,,Y,,,,
stu118,118,4,,,,,,,,,,,Y,Y,Y,Y,Y,Y,Y,Y,Y,Y,Y,Y,,,Y,,Y,Y,,,,,Y,Y,Y,,,Y,Y,Y,,,,,,,,,,,,,,,,,Y,,,
stu119,78,44,,,,,,,,,,,Y,Y,Y,Y,Y,Y,Y,,,,,,,,,,,,,,,,Y,,Y,Y,,,Y,,,,,,,,,,,,,,,,,,,,,
stu120,111,11,,,,,,,,,,,Y,Y,Y,Y,Y,Y,Y,,Y,,Y,Y,Y,Y,,Y,Y,Y,,,Y,Y,Y,,Y,Y,,,Y,Y,,,,,,,,,,,Y,,Y,,,,,,,
stu121,91,31,,,,,,,,,,,Y,Y,Y,Y,Y,Y,Y,,,Y,Y,Y,,,,Y,Y,Y,Y,,,,Y,,Y,,,,,Y,,,,,,,,,,,,,,Y,,,,,,
stu122,101,21,,,,,,,,,,,Y,Y,Y,Y,Y,Y,Y,Y,Y,,Y,Y,,,,,Y,Y,Y,,Y,Y,Y,,Y,Y,,,Y,Y,,,,,,,,,,,,Y,Y,,,,,,,
stu123,119,3,,,,,,,,,,,Y,Y,Y,Y,Y,Y,Y,Y,Y,,Y,Y,Y,,Y,Y,Y,Y,Y,,Y,Y,Y,,Y,Y,,,Y,Y,,,,,,,,,,Y,,,,,,,,,,
stu124,79,43,,,,,,,,,,,Y,Y,Y,Y,Y,Y,Y,,,,Y,,,,,Y,Y,,,,Y,Y,Y,,Y,,,Y,,Y,,,,,,,,,,,,,,Y,,,,,,
stu125,109,13,,,,,,,,,,,Y,Y,Y,Y,Y,Y,Y,,,,Y,,Y,,,Y,Y,,Y,,Y,Y,Y,,Y,Y,,,Y,Y,,,,,,,,,,Y,,,Y,Y,,,,,,
stu126,143,-21,,,,,,,,,,,Y,Y,,Y,Y,,,,,,,,,,,Y,,,,,,,Y,Y,Y,,,Y,,,,,,,,,,Y,Y,,,,Y,,,,,,,
stu127,121,1,,,,,,,,,,,Y,Y,Y,Y,Y,Y,Y,Y,Y,Y,Y,Y,,,,Y,Y,,,,Y,Y,Y,,Y,Y,,,Y,Y,,,,,,,,,Y,,,,,Y,,,Y,,,
stu128,107,15,,,,,,,,,,,Y,Y,Y,Y,Y,Y,Y,Y,Y,,Y,Y,,,,,Y,Y,Y,,,Y,Y,,Y,Y,,,Y,Y,,,,,,,,,,,,Y,Y,,,,,,,
stu129,105,17,,,,,,,,,,,Y,Y,Y,Y,Y,Y,Y,Y,Y,Y,,Y,,Y,Y,Y,Y,Y,Y,,,Y,Y,,Y,,,,Y,Y,,,,,,,,,,,,,,,,Y,,,,
stu130,90,32,,,,,,,,,,,Y,Y,Y,Y,Y,Y,Y,,Y,,Y,Y,,,,Y,Y,,Y,,,,Y,,Y,,,,,Y,,,,,,,,,,,,,,Y,,,,,,
stu131,101,21,,,,,,,,,,,Y,Y,Y,Y,Y,,,,Y,,,Y,,,,,Y,Y,,,,,Y,,,,,,Y,,,,,,,,,,,,,,,,,,,,,
stu132,109,13,,,,,,,,,,,Y,Y,Y,Y,Y,Y,Y,,Y,Y,Y,Y,Y,,,Y,Y,Y,,,Y,Y,Y,,Y,Y,,,Y,Y,,,,,,,,,,Y,Y,,,,,,,,,
stu133,101,21,,,,,,,,,,,Y,Y,Y,Y,Y,Y,Y,,Y,Y,Y,Y,,,,Y,Y,,,,,,Y,,Y,,,Y,Y,Y,,,,,,,,,,,,,,,,,,,,
stu134,35,87,,,,,,,,,,,Y,Y,,,,,,,,,,,,,,,,,,,Y,Y,,,,,,,,,,,,,,,,Y,Y,,,,,,,,,,,
stu135,85,37,,,,,,,,,,,Y,Y,Y,Y,Y,Y,Y,,,,Y,Y,,,,,Y,Y,,,,Y,Y,,Y,,,Y,Y,Y,,,,,,,,,,,Y,,,,,,,,,
stu136,108,14,,,,,,,,,,,Y,Y,Y,Y,Y,Y,Y,,Y,Y,Y,Y,Y,,,Y,Y,Y,,,Y,Y,Y,,Y,Y,,,Y,Y,,,,,,,,,,,,,,Y,,,,Y,,
stu137,124,-2,,,,,,,,,,,Y,Y,Y,Y,Y,Y,Y,,Y,Y,Y,Y,Y,,Y,Y,Y,,,,,,Y,,Y,,,Y,Y,Y,,,,,,,,,,,,,,Y,,,,,,
stu138,83,39,,,,,,,,,,,Y,Y,Y,Y,Y,Y,Y,,Y,Y,Y,Y,Y,,,,Y,Y,,,,,Y,,Y,,,,Y,Y,,,,,,,,,,,,,,Y,,,,,,
stu139,120,2,,,,,,,,,,,Y,Y,Y,Y,Y,Y,Y,,Y,Y,Y,Y,,Y,,Y,Y,,,,,,Y,,Y,,,Y,Y,Y,,,,,,,,,,,,,Y,Y,,,Y,,,
stu140,110,12,,,,,,,,,,,Y,Y,Y,Y,Y,Y,Y,Y,Y,Y,Y,Y,,,,Y,Y,Y,Y,,,,Y,,Y,,,Y,Y,Y,,,,,,,,,,,,,,Y,,,,Y,,
stu141,26,96,,,,,,,,,,,Y,,,,,,,,,,,,,,,,,,,,Y,Y,Y,,,,,,,,,,,,,,,Y,,,,,,,,,,,,
stu142,109,13,,,,,,,,,,,Y,Y,Y,Y,Y,Y,Y,Y,Y,,,Y,,Y,,Y,Y,Y,,Y,Y,Y,Y,,Y,Y,,,Y,Y,,,,,,,,,,,,Y,Y,,,,,,,
stu143,115,7,,,,,,,,,,,Y,Y,Y,Y,Y,Y,Y,,,Y,Y,Y,,,,Y,,Y,,,Y,Y,Y,,Y,Y,,,Y,Y,,,,,,,,,,,,Y,,Y,,,,,,
stu144,115,7,,,,,,,,,,,Y,Y,Y,Y,Y,Y,Y,,,Y,,Y,,,,Y,Y,Y,Y,,Y,Y,Y,,Y,Y,,,Y,Y,,,,,,,,,,,,Y,Y,,,,,,,
stu145,94,28,,,,,,,,,,,Y,Y,Y,Y,Y,Y,Y,,,Y,Y,Y,,,,Y,Y,Y,Y,,,,Y,,Y,,,,,Y,,,,,,,,,,,,,,,,,,Y,,
stu146,79,43,,,,,,,,,,,Y,Y,Y,Y,Y,Y,Y,,,,,,,,,,Y,Y,,,Y,Y,Y,,Y,,,,,Y,,,,,,,,,,,,,,Y,,,,,,
stu147,106,16,,,,,,,,,,,Y,Y,Y,Y,Y,Y,Y,,Y,Y,Y,Y,Y,,Y,Y,Y,,Y,,,,Y,,Y,,,Y,Y,Y,,,,,,,,,,,,,,Y,,,,,,
stu148,94,28,,,,,,,,,,,Y,Y,Y,Y,Y,Y,Y,,,Y,Y,Y,Y,,Y,Y,Y,,,,,,Y,,Y,,,,Y,Y,,,,,,,,,,,,,,Y,,,,,,
stu149,69,53,,,,,,,,,,,Y,Y,,Y,Y,,,,,,,,,,,,,,,,,,Y,,Y,,,,,,,,,,,Y,,Y,Y,,,,Y,,,,,,,
stu150,93,29,,,,,,,,,,,Y,Y,Y,Y,Y,Y,Y,,Y,Y,,Y,,,,,Y,,,,,,Y,,Y,Y,,,Y,,,,,,,,,,,,,,,,,,,,,
stu151,107,15,,,,,,,,,,,Y,Y,Y,Y,Y,Y,Y,,Y,Y,Y,Y,Y,,Y,Y,Y,Y,Y,,,,Y,,Y,,,Y,Y,Y,,,,,,,,,,,,,,Y,,,,,,
stu152,85,37,,,,,,,,,,,Y,Y,Y,Y,Y,Y,Y,,Y,,,Y,Y,Y,,,Y,Y,,,,,Y,,Y,,,,Y,Y,,,,,,,,,,,,,Y,,,,,,,
stu153,104,18,,,,,,,,,,,Y,Y,Y,Y,Y,Y,Y,,Y,Y,Y,Y,Y,,Y,Y,Y,Y,,,,,Y,,Y,,,Y,Y,Y,,,,,,,,,,,,,,Y,,,,,,
stu154,106,16,,,,,,,,,,,Y,Y,Y,Y,Y,Y,Y,,Y,Y,Y,Y,Y,,Y,Y,Y,,Y,,,,Y,,Y,,,Y,Y,Y,,,,,,,,,,,,,,Y,,,,,,
stu155,91,31,,,,,,,,,,,Y,Y,Y,Y,Y,,Y,,,,Y,,,,,,Y,Y,,,,,Y,,Y,,,Y,Y,Y,,,,,,,,,,,Y,,,,,,,,,
stu156,106,16,,,,,,,,,,,Y,Y,Y,Y,Y,Y,Y,,Y,Y,Y,Y,,,Y,Y,Y,,Y,,,,Y,,Y,,,Y,Y,Y,,,,,,,,,,,,,Y,Y,,,,,,
stu157,97,25,,,,,,,,,,,Y,Y,Y,Y,Y,Y,Y,,Y,Y,Y,Y,,,,Y,Y,Y,,,,,Y,,Y,Y,,,,Y,,,,,,,,,,,,,,,,,,,,
stu158,97,25,,,,,,,,,,,Y,Y,Y,Y,Y,Y,Y,,Y,,Y,Y,Y,,,,Y,Y,Y,,,,Y,,Y,Y,,,Y,Y,,,,,,,,,,,,,,Y,,,,,,
stu159,56,66,,,,,,,,,,,Y,Y,,Y,Y,,,,,,,,,,,,,,,,,,Y,,Y,Y,Y,,Y,,,,,,,,,Y,Y,,,,Y,,,,,,,
stu160,106,16,,,,,,,,,,,Y,Y,Y,Y,Y,Y,Y,,Y,Y,Y,Y,Y,,Y,Y,Y,,Y,,,,Y,,Y,,,Y,Y,Y,,,,,,,,,,,,,,Y,,,,,,
stu161,70,52,,,,,,,,,,,Y,Y,Y,Y,Y,Y,Y,,,,,,,,,,Y,,,,Y,Y,Y,,Y,,,,,Y,,,,,,,,,,,,,,,,,,,,
stu162,76,46,,,,,,,,,,,Y,Y,Y,Y,Y,Y,Y,,,,Y,Y,,,,,Y,Y,,,,Y,Y,,Y,,,Y,,Y,,,,,,,,,,,,,,,,,,,,
stu163,116,6,,,,,,,,,,,Y,Y,Y,Y,Y,Y,Y,,Y,Y,Y,Y,,,Y,Y,Y,,Y,,,,Y,,Y,,,Y,Y,Y,,,,,,,,,,Y,,,,Y,,,,,,
stu164,79,43,,,,,,,,,,,Y,Y,,Y,Y,,,,,,,,,,,,,,,,,,Y,,Y,,,,,,,,,,,,,,Y,,,,,,,,,,,
stu165,104,18,,,,,,,,,,,Y,Y,Y,Y,Y,Y,Y,,Y,Y,Y,Y,Y,,Y,Y,Y,Y,,,,,Y,,Y,,,Y,Y,Y,,,,,,,,,,,Y,,,,,,,,,
stu166,106,16,,,,,,,,,,,Y,Y,Y,Y,Y,Y,Y,,Y,Y,Y,Y,Y,,Y,Y,Y,,Y,,,,Y,,Y,Y,,,Y,Y,,,,,,,,,,,,,,Y,,,,,,
stu167,82,40,,,,,,,,,,,Y,Y,Y,Y,Y,,Y,,,,,,,Y,,,Y,Y,,,,,Y,,Y,Y,,,Y,Y,,,,,,,,,,,,,Y,,,,,,,
stu168,94,28,,,,,,,,,,,Y,Y,Y,Y,Y,Y,Y,,Y,Y,Y,Y,,,,,Y,Y,,,Y,Y,Y,,Y,,,Y,,Y,,,,,,,,,,,,,,Y,,,,,,
stu169,103,19,,,,,,,,,,,Y,Y,Y,Y,Y,Y,Y,,Y,Y,Y,Y,Y,,Y,Y,Y,,Y,,,,Y,,Y,Y,,,Y,Y,,,,,,,,,,,,,,Y,,,,,,
stu170,49,73,,,,,,,,,,,Y,Y,,Y,Y,,,,,,,,,,,,,,,,Y,Y,Y,,Y,,,,,,,,,,,,,,Y,,,,,,,,,,,
stu171,82,40,,,,,,,,,,,Y,Y,Y,Y,Y,Y,Y,,Y,Y,Y,Y,,,,,Y,Y,,,Y,Y,Y,,Y,,,,,Y,,,,,,,,,,,,,,,,,,,,
stu172,98,24,,,,,,,,,,,Y,Y,Y,Y,Y,Y,Y,,Y,,Y,Y,Y,Y,,Y,Y,Y,,,Y,Y,Y,,Y,Y,,,,Y,,,,,,,,,,,Y,,Y,,,,,,,
stu173,107,15,,,,,,,,,,,Y,Y,Y,Y,Y,Y,Y,,Y,Y,Y,Y,Y,,Y,Y,Y,,Y,,,,Y,,Y,Y,,,Y,Y,,,,,,,,,,,,,,Y,,,,,,
stu174,118,4,,,,,,,,,,,Y,Y,Y,Y,Y,Y,Y,,Y,Y,Y,Y,Y,,Y,Y,Y,,,,,,Y,,Y,Y,,,Y,Y,,,,,,,,,,,,,,Y,,,,,,
stu175,75,47,,,,,,,,,,,Y,Y,Y,Y,Y,,Y,Y,,,,,Y,,,,Y,Y,,,,,Y,,Y,,,,,Y,,,,,,,,,,,Y,,,,,,,,,
stu176,111,11,,,,,,,,,,,Y,Y,Y,Y,Y,Y,Y,,Y,Y,Y,Y,Y,,Y,Y,Y,Y,Y,,,,Y,,Y,,,Y,Y,Y,,,,,,,,,,,,,,Y,,,,,,
stu177,109,13,,,,,,,,,,,Y,Y,Y,Y,Y,Y,Y,,Y,Y,Y,Y,Y,,Y,Y,Y,,,,,,Y,,Y,Y,,,Y,Y,,,,,,,,,,,,,,Y,,,,,,
stu178,110,12,,,,,,,,,,,Y,Y,Y,Y,Y,Y,Y,,Y,Y,Y,Y,,,Y,Y,Y,Y,Y,,,,Y,,Y,Y,,,Y,Y,,,,,,,,,,Y,,,,Y,,,,,,
stu179,82,40,,,,,,,,,,,Y,Y,,Y,Y,,,,,,,,,,,,,,,,,,Y,,Y,,,Y,Y,,,,,,,,,,Y,,,,,,,,,,,
stu180,109,13,,,,,,,,,,,Y,Y,Y,Y,Y,Y,Y,,Y,Y,Y,Y,Y,,,Y,Y,,,,,,Y,,Y,Y,,,Y,Y,,,,,,,,,,,,,,Y,,,,Y,,
stu181,107,15,,,,,,,,,,,Y,Y,Y,Y,Y,Y,Y,,Y,Y,,Y,Y,,Y,Y,Y,Y,,,,,Y,,Y,Y,,,Y,Y,,,,,,,,,,,,,Y,Y,,,,,,
stu182,95,27,,,,,,,,,,,Y,Y,Y,Y,Y,Y,Y,,Y,,Y,Y,Y,,,,Y,Y,Y,,,,Y,,Y,,,Y,,Y,,,,,,,,,,Y,,,,Y,,,,,,
stu183,106,16,,,,,,,,,,,Y,Y,Y,Y,Y,Y,Y,Y,Y,Y,Y,Y,Y,,Y,Y,Y,,,,,,Y,,Y,Y,,,Y,Y,,,,,,,,,,,,,,Y,,,,,,
stu184,73,49,,,,,,,,,,,Y,Y,Y,Y,Y,Y,Y,,,,,,,,,,Y,,,,Y,Y,Y,,Y,,,Y,,,,,,,,,,,,,,,Y,,,,,,,
stu185,76,46,,,,,,,,,,,Y,Y,Y,Y,Y,,Y,,,,,,,,,,,,,,,Y,Y,,Y,,,Y,Y,Y,,,,,,,,,,,,,,,,,,,,
stu186,109,13,,,,,,,,,,,Y,Y,Y,Y,Y,Y,Y,,Y,Y,Y,Y,Y,,,Y,Y,Y,Y,,,,Y,,Y,,,Y,Y,Y,,,,,,,,,,,,,,Y,,,,Y,,
stu187,82,40,,,,,,,,,,,Y,Y,Y,Y,Y,Y,Y,,,,,Y,,,,,Y,Y,,,Y,Y,Y,,Y,,,Y,Y,Y,,,,,,,,,,,,,,Y,,,,,,
stu188,67,55,,,,,,,,,,,Y,Y,Y,Y,Y,Y,Y,,,,,,,,,,,,,,,,Y,,Y,Y,,,Y,,,,,,,,,,,,,,,,,,,,,
stu189,97,25,,,,,,,,,,,Y,Y,Y,Y,Y,Y,Y,,Y,Y,Y,Y,,,,Y,Y,Y,,,Y,Y,Y,,Y,,,,,Y,,,,,,,,,,,,,,Y,,,,,,
stu190,107,15,,,,,,,,,,,Y,Y,Y,Y,Y,Y,Y,,Y,Y,Y,Y,,,Y,Y,Y,Y,Y,,,,Y,,Y,Y,,,Y,Y,,,,,,,,,,,,,Y,Y,,,,,,
stu191,68,54,,,,,,,,,,,Y,Y,,Y,Y,,,,,,,,,,,,,,,,,,Y,,Y,,,,,Y,,,,,,,,,Y,,,,,,,,,,,
stu192,67,55,,,,,,,,,,,Y,Y,Y,Y,Y,Y,Y,,,,,Y,,,,,Y,Y,,,Y,Y,Y,,Y,,,,,Y,,,,,,,,,,,,,,Y,,,,,,
stu193,104,18,,,,,,,,,,,Y,Y,Y,Y,Y,Y,Y,Y,Y,,Y,Y,,,,,Y,Y,,,,,Y,,Y,Y,,,Y,Y,,,,,,,,,,,Y,Y,Y,,,,,,,
stu194,97,25,,,,,,,,,,,Y,Y,Y,Y,Y,Y,Y,,Y,Y,Y,Y,,,,,Y,Y,Y,,,,Y,,Y,,,Y,Y,Y,,,,,,,,,,,,,,Y,,,,,,
stu195,107,15,,,,,,,,,,,Y,Y,Y,Y,Y,Y,Y,Y,Y,,Y,Y,,,,Y,Y,Y,Y,,,,Y,,Y,,,Y,Y,Y,,,,,,,,,,,Y,Y,Y,,,,,,,
stu196,88,34,,,,,,,,,,,Y,Y,Y,Y,Y,Y,Y,,,,,,,,,,,,,,Y,Y,Y,,Y,,,Y,Y,,,,,,,,,,,,,,,,,,,,,
stu197,109,13,,,,,,,,,,,Y,Y,Y,Y,Y,Y,Y,,,Y,,Y,,,,Y,Y,Y,Y,,,,Y,,Y,Y,,,Y,Y,,,,,,,,,,,,,Y,Y,,,,,,
stu198,106,16,,,,,,,,,,,Y,Y,Y,Y,Y,Y,Y,,Y,Y,Y,Y,Y,,Y,Y,Y,,,,,,Y,,Y,,,Y,Y,Y,,,,,,,,,,,,,,Y,,,,,,
stu199,116,6,,,,,,,,,,,Y,Y,Y,Y,Y,Y,Y,,Y,Y,Y,Y,,,Y,Y,Y,Y,,,,,Y,Y,Y,Y,,Y,Y,Y,Y,,,,,,,,,Y,,,,Y,,,,,,
stu200,83,39,,,,,,,,,,,Y,Y,Y,Y,Y,Y,Y,,Y,,,Y,,Y,,,Y,Y,,,Y,Y,Y,,Y,,,,,Y,,,,,,,,,,,Y,,,,,,,,,
stu201,85,37,,,,,,,,,,,Y,Y,Y,Y,Y,Y,Y,,,,Y,,,,,,Y,,,,Y,Y,Y,,Y,,,Y,Y,,,,,,,,,,,,,,,,,,,,,
stu202,104,18,,,,,,,,,,,Y,Y,Y,Y,Y,Y,Y,,Y,,Y,Y,Y,Y,,,Y,Y,,,,,Y,,Y,Y,,,Y,Y,,,,,,,,,,,Y,,Y,,,,,,,
stu203,125,-3,,,,,,,,,,,Y,Y,Y,Y,Y,Y,Y,,Y,Y,Y,Y,Y,,Y,Y,Y,Y,,,,,Y,,Y,Y,,,Y,Y,,,,,,,,,,,,,,Y,,,,,,
stu204,109,13,,,,,,,,,,,Y,Y,Y,Y,Y,Y,Y,,Y,Y,Y,Y,Y,,,Y,Y,,,,,,Y,,Y,Y,,,Y,Y,,,,,,,,,,Y,,,,Y,,,,,,
stu205,48,74,,,,,,,,,,,Y,Y,,,,,,,,,,,,,,,,,,,Y,Y,,,Y,,,,,,,,,,,,,,Y,,,,,,,,,,,
stu206,85,37,,,,,,,,,,,Y,Y,Y,Y,Y,,Y,,,,Y,,,Y,,,Y,Y,,,,Y,Y,,Y,,,Y,Y,Y,,,,,,,,,,,Y,,,,,,,,,
stu207,53,69,,,,,,,,,,,Y,Y,Y,Y,Y,Y,Y,,,,,,,,,,,,,,Y,Y,Y,,Y,,,Y,,,,,,,,,,,,,,,,,,,,,,
stu208,85,37,,,,,,,,,,,Y,Y,Y,Y,Y,Y,Y,,,,Y,,,,,Y,Y,Y,,,Y,Y,Y,,Y,Y,,,,,,,,,,,,,,,,,,Y,,,,,,
stu209,84,38,,,,,,,,,,,Y,Y,Y,Y,Y,Y,Y,,,,,,,,,Y,,,,,Y,Y,Y,,Y,,,,Y,,,,,,,,,,,,,,Y,,,,,,,
stu210,124,-2,,,,,,,,,,,Y,Y,Y,Y,Y,Y,Y,,Y,Y,Y,Y,Y,,Y,Y,Y,Y,Y,,,,,,Y,,,,Y,Y,,,,,,,,,,,,,,Y,,,,,,
stu211,91,31,,,,,,,,,,,Y,Y,Y,Y,Y,Y,Y,Y,,,Y,Y,,,,,Y,,,,,,Y,,Y,,,,,Y,,,,,,,,,,,Y,,Y,,,,,,,
stu212,58,64,,,,,,,,,,,Y,Y,Y,Y,Y,,,,,,,,,,,,,,,,Y,Y,Y,,Y,,,,,,,,,,,,,,,,,,,,,,,,,
stu213,76,46,,,,,,,,,,,Y,Y,Y,Y,Y,Y,Y,,,,Y,Y,,,,,Y,Y,,,,,Y,,Y,,,,Y,Y,,,,,,,,,,,,,,,,,,,,
stu214,80,42,,,,,,,,,,,Y,Y,Y,Y,Y,Y,Y,,,,,Y,Y,,,,Y,Y,,,,,Y,,Y,,,Y,,Y,,,,,,,,,,,,,,,,,,,,
stu215,73,49,,,,,,,,,,,Y,Y,Y,Y,Y,Y,Y,Y,,,,Y,,,,,Y,Y,,,,,Y,,Y,,,,,Y,,,,,,,,,,,,,Y,,,,,,,
stu216,73,49,,,,,,,,,,,Y,Y,Y,Y,Y,Y,Y,,,,,Y,,,,,Y,Y,,,,,Y,,Y,,,Y,Y,Y,,,,,,,,,,,,,,Y,,,,,,
stu217,70,52,,,,,,,,,,,Y,Y,Y,Y,Y,Y,Y,,,,Y,Y,,,,,Y,Y,,,Y,Y,Y,,Y,,,,,Y,,,,,,,,,,,,,,,,,,,,
stu218,73,49,,,,,,,,,,,Y,Y,Y,Y,Y,Y,Y,,,,,Y,,Y,,,Y,Y,,,,,Y,,Y,,,,Y,Y,,,,,,,,,,,,,,,,,,,,
stu219,72,50,,,,,,,,,,,Y,Y,Y,Y,Y,Y,Y,,,,,,,,,,,,,,,,Y,,Y,Y,,,Y,,,,,,,,,,,,,,,,,,,,,
stu220,54,68,,,,,,,,,,,Y,Y,,Y,Y,,,,,,,,,,,,,,,,,,Y,,Y,,,,,,,,,,,Y,,,Y,,,,,,,,,,,
stu221,73,49,,,,,,,,,,,Y,Y,Y,Y,Y,Y,Y,,,,,,Y,,,,Y,Y,,,,,Y,,Y,,,,Y,Y,,,,,,,,,,,,,,,,,,,,
stu222,79,43,,,,,,,,,,,Y,Y,Y,Y,Y,Y,Y,,Y,,,Y,,,,,Y,Y,,,,,Y,,Y,,,,Y,Y,,,,,,,,,,,,,,,,,,,,
stu223,47,75,,,,,,,,,,,Y,,,,,,,,,,,,,,,,,,,,,,Y,,Y,,,,,,,,,,,,,Y,,,,,,,,,,,,
stu224,67,55,,,,,,,,,,,Y,Y,Y,Y,Y,Y,Y,,,,Y,,,,,,Y,Y,,,,,Y,,Y,,,,Y,Y,,,,,,,,,,,,,,,,,,,,
stu225,61,61,,,,,,,,,,,Y,Y,,Y,Y,,,,,,,,,,,,,,,,Y,Y,Y,,Y,,,,,,,,,,,,,Y,Y,,,,,,,,,,,
stu226,70,52,,,,,,,,,,,Y,Y,Y,Y,Y,Y,Y,,,,Y,Y,,,,,Y,Y,,,,,Y,,Y,,,,Y,Y,,,,,,,,,,,,,,,,,,,,
stu227,66,56,,,,,,,,,,,Y,Y,Y,Y,Y,Y,Y,,,,,,,,,,,,,,,,Y,,Y,,,Y,,,,,,,,,,,,,,,,,,,,,,
stu228,67,55,,,,,,,,,,,Y,Y,Y,Y,Y,Y,Y,,,,,,,Y,,,Y,Y,,,,,Y,,Y,,,Y,,,,,,,,,,,,,,,Y,,,,,,,
stu229,79,43,,,,,,,,,,,Y,Y,Y,Y,Y,Y,Y,,,,,Y,,,,,Y,Y,,,,,Y,,Y,,,Y,,Y,,,,,,,,,,,,,,Y,,,,,,
stu230,76,46,,,,,,,,,,,Y,Y,Y,Y,Y,Y,Y,,,,Y,Y,,,,,Y,Y,,,,,Y,,Y,,,Y,Y,Y,,,,,,,,,,,,,,,,,,,,
stu231,70,52,,,,,,,,,,,Y,Y,Y,Y,Y,Y,Y,,,,,Y,,Y,,,Y,Y,,,,,Y,,Y,,,,,,,,,,,,,,,,,,Y,,,,,,,
stu232,52,70,,,,,,,,,,,Y,Y,Y,Y,Y,Y,Y,,,,,,,,,,,,,,,,,,Y,,,,,,,,,,,,,,,,,,,,,,,,,
stu233,61,61,,,,,,,,,,,Y,Y,Y,Y,Y,Y,Y,,,,,,,,,,,,,,,,Y,,Y,,,,Y,,,,,,,,,,,,,,,,,,,,,
stu234,55,67,,,,,,,,,,,Y,Y,Y,Y,Y,,Y,,,,,,,,,,,,,,,,Y,,Y,,,,,,,,,,,,,,,,,,,,,,,,,
stu235,76,46,,,,,,,,,,,Y,Y,Y,Y,Y,Y,Y,,,,,Y,,,,,Y,Y,,,,,Y,,Y,,,Y,Y,Y,,,,,,,,,,,,,,,,,,,,
stu236,40,82,,,,,,,,,,,Y,,,,,,,,,,,,,,,,,,,,Y,Y,Y,,Y,,,,,,,,,,,,,Y,,,,,,,,,,,,
stu237,70,52,,,,,,,,,,,Y,Y,Y,Y,Y,Y,Y,,,,,,,,Y,,Y,Y,,,Y,Y,Y,,Y,,,,,,,,,,,,,,,,,,,,,,,,,
stu238,61,61,,,,,,,,,,,Y,Y,Y,Y,Y,Y,Y,,,,,Y,,,,,Y,Y,,,,Y,Y,,Y,,,Y,,,,,,,,,,,,,,,,Y,,,,,,
stu239,73,49,,,,,,,,,,,Y,Y,Y,Y,Y,Y,Y,,,,,Y,,,Y,,Y,Y,,,,,Y,,Y,,,Y,Y,,,,,,,,,,,,,,,,,,,,,
stu240,53,69,,,,,,,,,,,Y,Y,,Y,Y,,,,,,,,,,,,,,,,,,Y,,Y,,,,,,,,,,,,,,Y,,,,,,,,,,,
stu241,61,61,,,,,,,,,,,Y,Y,Y,Y,Y,Y,Y,,,,,,,,,,Y,Y,,,,,Y,,Y,,,,,,,,,,,,,,,,,,,,,,,,,
stu242,52,70,,,,,,,,,,,Y,Y,,Y,Y,,,,,,,,,,,,,,,,,,Y,,Y,Y,,,,,,,,,,,,,Y,,,,,,,,,,,
stu243,73,49,,,,,,,,,,,Y,Y,Y,Y,Y,Y,Y,,,,Y,Y,,,,,Y,Y,,,,,Y,,Y,,,Y,Y,,,,,,,,,,,,,,,,,,,,,
stu244,24,98,,,,,,,,,,,Y,,,,,,,,,,,,,,,,,,,,Y,,,,,,,,,,,,,,,,,Y,,,,,,,,,,,,
stu245,76,46,,,,,,,,,,,Y,Y,Y,Y,Y,Y,Y,,,,,,,,,,Y,,,,,,Y,,Y,,,,Y,Y,,,,,,,,,,,,,,,,,,,,
stu246,55,67,,,,,,,,,,,Y,Y,Y,Y,Y,Y,Y,,,,,,,,Y,,Y,Y,,,,,Y,,Y,,,,,,,,,,,,,,,,,,,,,,,,,
stu247,73,49,,,,,,,,,,,Y,Y,Y,Y,Y,Y,Y,,,,,Y,,Y,,,Y,Y,,,,,Y,,Y,Y,,,,,,,,,,,,,,,,,Y,,,,,,,
stu248,55,67,,,,,,,,,,,Y,Y,Y,Y,Y,Y,Y,,,,,,,,,,,,,,,,Y,,Y,,,Y,,,,,,,,,,,,,,,,,,,,,,
stu249,44,78,,,,,,,,,,,Y,,,,,,,,,,,,,,,,,,,,Y,Y,Y,,Y,,,,,,,,,,,,,Y,,,,,,,,,,,,
stu250,42,80,,,,,,,,,,,Y,,,,,,,,,,,,,,,,,,,,Y,Y,,,Y,,,,,,,,,,,,,Y,,,,,,,,,,,,
stu251,58,64,,,,,,,,,,,Y,Y,Y,Y,Y,Y,Y,,,,,,,,,,,,,,Y,Y,,,Y,,,,,,,,,,,,,,,,,,,,,,,,,
stu252,67,55,,,,,,,,,,,Y,Y,Y,Y,Y,Y,Y,,,,,Y,,,,,Y,Y,,,,,Y,,Y,,,,Y,,,,,,,,,,,,,,,,,,,,,
stu253,70,52,,,,,,,,,,,Y,Y,Y,Y,Y,Y,Y,,,,,,,Y,,,Y,Y,,,,,Y,,Y,Y,,,,,,,,,,,,,,,Y,,Y,,,,,,,
stu254,46,76,,,,,,,,,,,Y,Y,,Y,Y,,,,,,,,,,,,,,,,Y,Y,Y,,Y,,,,,,,,,,,,,Y,Y,,,,,,,,,,,
stu255,64,58,,,,,,,,,,,Y,Y,Y,Y,Y,Y,Y,,,,,Y,,,,,Y,Y,,,,,Y,,Y,,,,Y,,,,,,,,,,,,,,,,,,,,,
stu256,76,46,,,,,,,,,,,Y,Y,Y,Y,Y,Y,Y,,,,,Y,,,,,Y,Y,,,,,Y,,Y,,,,Y,Y,,,,,,,,,,,,,,Y,,,,,,
stu257,67,55,,,,,,,,,,,Y,Y,Y,Y,Y,Y,Y,,,,Y,,Y,,,,Y,Y,,,,,Y,,Y,Y,,,,,,,,,,,,,,,,,,,,,,,,
stu258,70,52,,,,,,,,,,,Y,Y,Y,Y,Y,Y,Y,,Y,,,Y,,,,,Y,Y,,,,,Y,,Y,,,,,Y,,,,,,,,,,,,,,,,,,,,
stu259,82,40,,,,,,,,,,,Y,Y,Y,Y,Y,Y,Y,,,Y,,,Y,,,,Y,Y,,,,,Y,Y,Y,,,Y,Y,Y,,,,,,,,,,,,,,,,,,,,
stu260,65,57,,,,,,,,,,,Y,Y,Y,Y,Y,Y,Y,,,,,,,,,,,,,,Y,Y,,,Y,,,,,,,,,,,,,,,,,,,,,,,,,
stu261,53,69,,,,,,,,,,,Y,Y,Y,Y,Y,,Y,,,,,,,,,,,,,,,,,,Y,,,,,,,,,,,,,,,,,,Y,,,,,,,
stu262,55,67,,,,,,,,,,,Y,Y,,Y,Y,,,,,,,,,,,,,,,,Y,Y,Y,,Y,,,,,,,,,,,,,Y,Y,,,,,,,,,,,
stu263,24,98,,,,,,,,,,,Y,,,,,,,,,,,,,,,,,,,,Y,,,,,,,,,,,,,,,,,Y,,,,,,,,,,,,
stu264,82,40,,,,,,,,,,,Y,Y,Y,Y,Y,Y,Y,,,,,Y,,,,,Y,Y,,,,,Y,,Y,,,Y,Y,Y,,,,,,,,,,,,,,Y,,,,,,
stu265,67,55,,,,,,,,,,,Y,Y,Y,Y,Y,Y,Y,,Y,,,Y,,,,,Y,Y,,,,,Y,,Y,,,Y,Y,,,,,,,,,,,,,,,,,,,,,
stu266,67,55,,,,,,,,,,,Y,Y,Y,Y,Y,Y,Y,,,,,,,,,,Y,Y,,,,,Y,,Y,,,,,Y,,,,,,,,,,,,,,,,,,,,
stu267,82,40,,,,,,,,,,,Y,Y,Y,Y,Y,Y,Y,,,,Y,Y,,,,,Y,Y,,,,,Y,,Y,,,,Y,Y,,,,,,,,,,,,,,,,,,,,
stu268,31,91,,,,,,,,,,,Y,Y,,,,,,,,,,,,,,,,,,,,,,,Y,,,,,,,,,,,,,Y,Y,,,,,,,,,,,
stu269,77,45,,,,,,,,,,,Y,Y,Y,Y,Y,Y,Y,,,Y,,Y,,,,,Y,Y,,,,,Y,,Y,,,,Y,Y,,,,,,,,,,,,,,,,,,,,
stu270,76,46,,,,,,,,,,,Y,Y,Y,Y,Y,Y,Y,,,,,Y,,Y,,,Y,Y,,,,,Y,Y,Y,,,,Y,Y,,,,,,,,,,,,,,,,,,,,
stu271,76,46,,,,,,,,,,,Y,Y,Y,Y,Y,Y,Y,,,,Y,Y,,,,,Y,Y,,,,,Y,,Y,,,,Y,Y,,,,,,,,,,,,,,,,,,,,
stu272,40,82,,,,,,,,,,,Y,Y,,Y,Y,,,,,,,,,,,,,,,,,,Y,,Y,,,,,,,,,,,,,Y,Y,,,,,,,,,,,
stu273,76,46,,,,,,,,,,,Y,Y,Y,Y,Y,Y,Y,,,,,Y,,Y,,,Y,Y,,,,,Y,,Y,,,,Y,Y,,,,,,,,,,,,,,,,,,,,
stu274,67,55,,,,,,,,,,,Y,Y,Y,Y,Y,Y,Y,,,,,Y,,,,,Y,Y,,,,,Y,,Y,,,,Y,Y,,,,,,,,,,,,,,Y,,,,,,
stu275,61,61,,,,,,,,,,,Y,Y,Y,Y,Y,Y,Y,Y,,,,Y,,,,,Y,Y,,,,,Y,,Y,,,,,Y,,,,,,,,,,,,,,,,,,,,
stu276,70,52,,,,,,,,,,,Y,Y,Y,Y,Y,Y,Y,,,,Y,Y,,,,,Y,Y,,,Y,Y,Y,,Y,,,,,,,,,,,,,,,,,,,,,,,,,
stu277,58,64,,,,,,,,,,,Y,Y,Y,Y,Y,Y,Y,,,,,,,,,,Y,,,,,,,,Y,,,,,,,,,,,,,,,,,,,,,,,,,
stu278,79,43,,,,,,,,,,,Y,Y,Y,Y,Y,Y,Y,,,,Y,Y,,,,,Y,Y,,,,,Y,,Y,Y,,Y,Y,Y,,Y,,,,,,,,,,,,,,,,,,
stu279,67,55,,,,,,,,,,,Y,Y,Y,Y,Y,Y,Y,,,,,,,,,,Y,,,,,,Y,,Y,,,,,,,,,,,,,,,,,,,,,,,,,
stu280,76,46,,,,,,,,,,,Y,Y,Y,Y,Y,Y,Y,,,,,Y,,,Y,,Y,,,,,,Y,,Y,,,Y,Y,Y,,,,,,,,,,,,,,,,,,,,
stu281,70,52,,,,,,,,,,,Y,Y,Y,Y,Y,Y,Y,,,Y,,,,,,,Y,Y,,,,,Y,,Y,,,,Y,Y,,,,,,,,,,,,,,,,,,,,
stu282,54,68,,,,,,,,,,,Y,Y,,Y,Y,,,,,,,,,,,,,,,,,,Y,,Y,,,Y,,,,,,,,,,,Y,,,,,,,,,,,
stu283,48,74,,,,,,,,,,,Y,Y,,Y,Y,,,,,,,,,,,,,,,,Y,Y,Y,,Y,,,,,,,,,,,,,,Y,,,,,,,,,,,
stu284,67,55,,,,,,,,,,,Y,Y,,Y,Y,,,,,,,,,,,,,,,,Y,Y,,,Y,,,,,,,,,,,,,Y,Y,,,,,,,,,,,
stu285,82,40,,,,,,,,,,,Y,Y,Y,Y,Y,Y,Y,,,,,Y,,,,,Y,Y,,,,,Y,,Y,,,,Y,Y,,,,,,,,,,,,,,Y,,,,,,
stu286,59,63,,,,,,,,,,,Y,Y,Y,Y,Y,Y,Y,,,,,,,,,,,,,,,,Y,,Y,Y,,,,,,,,,,,,,,,,,,,,,,,,
stu287,58,64,,,,,,,,,,,Y,Y,,Y,Y,,,,,,,,,,,,,,,,,,Y,Y,Y,,,,,,,,,,,,,,,,,,Y,,,,,,,
stu288,51,71,,,,,,,,,,,Y,Y,,Y,Y,,,,,,,,,,,,,,,,,,Y,,Y,,,Y,,,,,,,,,,,Y,,,,,,,,,,,
stu289,82,40,,,,,,,,,,,Y,Y,Y,Y,Y,Y,Y,,,,,Y,Y,,,,Y,Y,,,,,Y,,Y,,,Y,Y,Y,,,,,,,,,,,,,,,,,,,,
stu290,76,46,,,,,,,,,,,Y,Y,Y,Y,Y,Y,Y,,,,Y,Y,,,,,Y,Y,,,,,Y,,Y,,,,Y,Y,,,,,,,,,,,,,,,,,,,,
stu291,76,46,,,,,,,,,,,Y,Y,Y,Y,Y,Y,Y,,Y,,,Y,,,,,Y,Y,,,,,Y,,Y,,,Y,Y,Y,,,,,,,,,,,,,,,,,,,,
stu292,76,46,,,,,,,,,,,Y,Y,Y,Y,Y,Y,Y,,,,Y,Y,,,,,Y,Y,,,,,Y,,Y,,,Y,Y,Y,,,,,,,,,,,,,,,,,,,,
stu293,70,52,,,,,,,,,,,Y,Y,Y,Y,Y,Y,Y,,,,,,,,Y,,Y,Y,,,,,Y,,Y,,,,Y,Y,,,,,,,,,,,,,,,,,,,,
stu294,33,89,,,,,,,,,,,Y,,,,,,,,,,,,,,,,,,,,,,,,,,,,,,,,,,,,,Y,,,,,,,,,,,,
stu295,63,59,,,,,,,,,,,Y,Y,Y,Y,Y,,Y,,,,,,,,,,,,,,,,Y,,Y,,,Y,Y,,,,,,,,,,,,,,,,,,,,,
stu296,73,49,,,,,,,,,,,Y,Y,Y,Y,Y,Y,Y,,,,,Y,,,Y,,Y,Y,,,,,Y,,Y,Y,,,Y,Y,,,,,,,,,,,,,,,,,,,,
stu297,82,40,,,,,,,,,,,Y,Y,Y,Y,Y,Y,Y,,Y,,,Y,,,,,Y,Y,,,,,Y,,Y,,,,Y,Y,,,,,,,,,,,,,,,,,,,,
stu298,82,40,,,,,,,,,,,Y,Y,Y,Y,Y,Y,Y,,,,Y,Y,,,,,Y,Y,,,,,Y,,Y,,,,Y,Y,,,,,,,,,,,,,,,,,,,,
stu299,73,49,,,,,,,,,,,Y,Y,Y,Y,Y,Y,Y,,Y,Y,,,,,Y,,Y,Y,,,,,Y,,Y,,,,Y,,,,,,,,,,,,,,,,,,,,,
stu300,76,46,,,,,,,,,,,Y,Y,Y,Y,Y,Y,Y,,,,Y,Y,,,,,Y,Y,,,,,Y,,Y,,,,Y,Y,,,,,,,,,,,,,,,,,,,,
stu301,76,46,,,,,,,,,,,Y,Y,Y,Y,Y,Y,Y,,,,Y,Y,,,,,Y,Y,,,,,Y,,Y,,,,Y,Y,,,,,,,,,,,,,,,,,,,,
stu302,58,64,,,,,,,,,,,Y,Y,Y,Y,Y,Y,Y,,,,,,,,,,,,,,,,Y,,Y,,,Y,,,,,,,,,,,,,,,,,,,,,,
stu303,63,59,,,,,,,,,,,Y,Y,Y,Y,Y,Y,Y,,,,,,,,,,Y,Y,,,,,Y,,Y,,,,,,,,,,,,,,Y,,,,,,,,,,,
stu304,51,71,,,,,,,,,,,Y,Y,,Y,Y,,,,,,,,,,,,,,,,Y,Y,Y,,Y,,,,,,,,,,,,,,Y,,,,Y,,,,,,,
stu305,76,46,,,,,,,,,,,Y,Y,Y,Y,Y,Y,Y,,,,Y,Y,,,,,Y,Y,,,,,Y,,Y,,,,Y,Y,,,,,,,,,,,,,,,,,,,,
stu306,40,82,,,,,,,,,,,Y,Y,,Y,Y,,,,,,,,,,,,,,,,,,,,Y,,,,,,,,,,,,,,Y,,,,,,,,,,,
stu307,79,43,,,,,,,,,,,Y,Y,Y,Y,Y,Y,Y,,,,,Y,Y,,,,Y,Y,,,Y,Y,Y,,Y,,,,,Y,,,,,,,,,,,,,,,,,,,,
stu308,64,58,,,,,,,,,,,Y,Y,Y,Y,Y,Y,Y,,,,,,,,,,,Y,,,,,Y,,Y,,,Y,,,,,,,,,,,,,,,,,,,,,,
stu309,73,49,,,,,,,,,,,Y,Y,Y,Y,Y,Y,Y,,Y,,,Y,,,,,Y,Y,,,,,Y,,Y,,,,Y,Y,,,,,,,,,,,,,,,,,,,,
stu310,57,65,,,,,,,,,,,Y,Y,,Y,,,,,,,,,,,,,,,,,,,Y,,Y,,,Y,,,,,,,,,,,Y,,,,Y,,,,,,,
stu311,48,74,,,,,,,,,,,Y,Y,,,,,,,,,,,,,,,,,,,,,Y,,Y,,,,,,,,,,,,,,Y,,,,,,,,,,,
stu312,51,71,,,,,,,,,,,Y,Y,,Y,,,Y,,,,,,,,,,,,,,,Y,Y,,Y,,,,,,,,,,,,,,,,,,,,,,,,,
stu313,71,51,,,,,,,,,,,Y,Y,Y,Y,Y,Y,Y,,,,,,,,,,,,,,Y,Y,Y,,Y,,,,,,,,,,,,,,,,,,,,,,,,,
stu314,82,40,,,,,,,,,,,Y,Y,Y,Y,Y,Y,Y,,,,,Y,Y,,,,Y,Y,,,,,Y,,Y,,,,Y,Y,,,,,,,,,,,,,,Y,,,,,,
stu315,70,52,,,,,,,,,,,Y,Y,Y,Y,Y,Y,Y,,,,,,,,,,,,,,Y,Y,Y,,Y,,,,,,,,,,,,,,,,,,,,,,,,,
stu316,60,62,,,,,,,,,,,Y,Y,Y,Y,,Y,Y,,,,,,,,,,,,,,,,Y,,Y,,,,,,,,,,,,,,,,,,,,,,,,,
stu317,62,60,,,,,,,,,,,Y,Y,,Y,Y,,,,,,,,,,,,,,,,,,Y,,Y,,,,,,,,,,,Y,,Y,Y,,,,,,,,,,,
stu318,54,68,,,,,,,,,,,Y,Y,,Y,,,,,,,,,,,,,,,,,Y,Y,,,Y,,,,,,,,,,,,,,,,Y,,Y,,,,,,,
stu319,77,45,,,,,,,,,,,Y,Y,Y,Y,Y,Y,Y,,,Y,,Y,,,,,Y,Y,,,,,Y,,Y,,,Y,Y,Y,,,,,,,,,,,,,,,,,,,,
stu320,61,61,,,,,,,,,,,Y,Y,,Y,Y,,,,,,,,,,,,,,,,,,Y,,Y,Y,,Y,,,,Y,,,,,,,Y,,,,Y,,,,,,,
stu321,70,52,,,,,,,,,,,Y,Y,Y,Y,Y,Y,Y,,,,,,,,,,Y,Y,,,,,Y,,Y,,,Y,,,,,,,,,,,,,,,,,,,,,,
stu322,67,55,,,,,,,,,,,Y,Y,Y,Y,Y,Y,Y,,,,Y,Y,,,,,Y,Y,,,,,Y,,Y,,,Y,Y,,,,,,,,,,,,,,,,,,,,,
stu323,74,48,,,,,,,,,,,Y,Y,Y,Y,Y,Y,Y,,,,,,,,,,,,,,,,Y,,Y,,,Y,,,,,,,,,,,,,,,,,,,,,,
stu324,70,52,,,,,,,,,,,Y,Y,Y,Y,Y,Y,Y,,,,,,,,,,Y,Y,,,,,Y,,Y,,,Y,Y,,,,,,,,,,,,,,,,,,,,,
stu325,36,86,,,,,,,,,,,Y,,,,,,,,,,,,,,,,,,,,,,Y,,Y,,,,,,,,,,,,,,,,,,,,,,,,,
stu326,79,43,,,,,,,,,,,Y,Y,Y,Y,Y,Y,Y,,,,Y,Y,,,,,Y,Y,,,,,Y,,Y,,,Y,Y,Y,,,,,,,,,,,,,,,,,,,,
stu327,58,64,,,,,,,,,,,Y,Y,Y,Y,Y,Y,Y,,,,,,,,,,,,,,,,Y,,Y,,,,,,,,,,,,,,,,,,,,,,,,,
stu328,46,76,,,,,,,,,,,Y,Y,,Y,Y,,,,,,,,,,,,,,,,,,Y,,Y,,,Y,,,,,,,,,,Y,Y,,,,,,,,,,,
stu329,89,33,,,,,,,,,,,Y,Y,Y,Y,Y,Y,Y,,Y,Y,,Y,,,,Y,Y,,,,,,,,Y,,,,Y,Y,,,,,,,,,,,,,Y,,,,,,,
stu330,70,52,,,,,,,,,,,Y,Y,Y,Y,Y,Y,Y,,,,,,,,,,Y,,,,,Y,Y,,Y,,,Y,,Y,,,,,,,,,,,,,Y,,,,,,,
stu331,73,49,,,,,,,,,,,Y,Y,Y,Y,Y,Y,Y,,,,,Y,,,,Y,Y,,,,,,Y,,Y,,,Y,,,,,,,,,,,,,,,,Y,,,,,,
stu332,83,39,,,,,,,,,,,Y,Y,Y,Y,Y,Y,Y,,,,Y,Y,,,,,Y,Y,,,,,Y,,Y,Y,,Y,Y,Y,,Y,,,,,,,,,,,,,,,,,,
stu333,66,56,,,,,,,,,,,Y,Y,Y,Y,Y,Y,Y,,,,Y,Y,,,,,Y,Y,,,,,Y,,Y,,,Y,Y,,,,,,,,,,,,,,,,,,,,,
stu334,76,46,,,,,,,,,,,Y,Y,,Y,Y,,,,,,,,,,,,,,,,,,Y,,Y,,,Y,,,,,,,,,,Y,Y,,,,,,,,,,,
stu335,67,55,,,,,,,,,,,Y,Y,Y,Y,Y,Y,Y,,Y,,,Y,,,,,Y,Y,,,,,Y,,Y,,,,,,,,,,,,,,,,,,,,,,,,,
stu336,78,44,,,,,,,,,,,Y,Y,Y,Y,Y,Y,Y,,,,,,,Y,,,Y,Y,,,,,Y,,Y,Y,,,,,,,,,,,,,,,,,Y,,,,,,,
stu337,39,83,,,,,,,,,,,Y,Y,,,,,,,,,,,,,,,,,,,,Y,,,Y,,,,,,,,,,,,,Y,Y,,,,,,,,,,,
stu338,61,61,,,,,,,,,,,Y,Y,Y,Y,Y,Y,Y,,,,,,,,,,Y,Y,,,,,Y,,Y,,,,,Y,,,,,,,,,,,,,,,,,,,,
stu339,49,73,,,,,,,,,,,Y,Y,,Y,Y,,,,,,,,,,,,,,,,Y,Y,Y,,Y,,,,,,,,,,,,,Y,Y,,,,,,,,,,,
stu340,73,49,,,,,,,,,,,Y,Y,Y,Y,Y,Y,Y,,,,Y,Y,,,,,Y,Y,,,,,Y,,Y,,,Y,Y,,,,,,,,,,,,,,,,,,,,,
stu341,67,55,,,,,,,,,,,Y,Y,,Y,Y,Y,Y,,,,,,,,,,Y,Y,,,,,Y,,Y,,,,,Y,,,,,,,,,,,,,,Y,,,,,,
stu342,52,70,,,,,,,,,,,Y,Y,Y,Y,Y,Y,Y,,,,,,,,,,,,,,,,,,Y,,,,,,,,,,,,,,,,,,,,,,,,,
stu343,59,63,,,,,,,,,,,Y,Y,,,,,,,,,,,,,,,,,,,,,Y,,Y,,,,,,,,,,,,,,Y,,,,,,,,,,,
stu344,61,61,,,,,,,,,,,Y,Y,Y,Y,Y,Y,Y,,,,,,,,,,,,,,,,Y,,Y,,,Y,,,,,,,,,,,,,,,,,,,,,,
stu345,43,79,,,,,,,,,,,Y,Y,,Y,Y,,,,,,,,,,,,,,,,,,Y,,Y,,,,,,,,,,,,,Y,Y,,,,,,,,,,,
stu346,58,64,,,,,,,,,,,Y,Y,Y,Y,Y,Y,Y,,,,,,,,,,,,,,,,Y,,Y,,,Y,Y,,,,,,,,,,,,,,,,,,,,,
stu347,40,82,,,,,,,,,,,Y,Y,,Y,Y,,,,,,,,,,,,,,,,,,Y,,Y,,,Y,,,,,,,,,,Y,Y,,,,,,,,,,,
stu348,37,85,,,,,,,,,,,Y,Y,,Y,Y,,,,,,,,,,,,,,,,,,Y,,Y,,,,,,,,,,,,,Y,Y,,,,,,,,,,,
stu349,34,88,,,,,,,,,,,Y,Y,,Y,Y,,,,,,,,,,,,,,,,,,Y,,Y,,,,,,,,,,,,,Y,Y,,,,,,,,,,,
stu350,36,86,,,,,,,,,,,Y,,,,,,,,,,,,,,,,,,,,,,Y,,Y,,,,,,,,,,,,,Y,,,,,,,,,,,,
stu351,37,85,,,,,,,,,,,Y,Y,,Y,Y,,,,,,,,,,,,,,,,,Y,,,Y,,,,,,,,,,,,,Y,Y,,,,,,,,,,,
stu352,63,59,,,,,,,,,,,Y,Y,Y,Y,Y,,Y,,,,,,,,,,,,,,,,Y,,Y,,,,Y,,,,,,,,,,,,,,Y,,,,,,,
stu353,34,88,,,,,,,,,,,Y,Y,,Y,Y,,,,,,,,,,,,,,,,,,Y,,Y,,,,,,,,,,,,,Y,Y,,,,,,,,,,,
stu354,90,32,,,,,,,,,,,Y,Y,Y,Y,Y,Y,Y,,,,,,,,,,,,,,,,Y,,Y,,,,,,,,,,,,,,,,,,,,,,,,,
stu355,58,64,,,,,,,,,,,Y,Y,Y,Y,Y,Y,Y,,,,,,,,,,,,,,,,Y,,Y,,,,,,,,,,,,,,,,,,,,,,,,,
stu356,37,85,,,,,,,,,,,Y,Y,,Y,Y,,,,,,,,,,,,,,,,,,Y,,Y,,,,,,,,,,,,,Y,Y,,,,,,,,,,,
stu357,43,79,,,,,,,,,,,Y,Y,,Y,Y,,,,,,,,,,,,,,,,,,Y,,Y,,,,,,,,,,,,,Y,Y,,,,Y,,,,,,,
stu358,62,60,,,,,,,,,,,Y,Y,Y,Y,Y,Y,Y,,,,,,,,,,,,,,Y,Y,Y,,Y,,,,,,,,,,,,,,,,,,,,,,,,,
stu359,45,77,,,,,,,,,,,Y,Y,Y,Y,Y,,Y,,,,,,,,,Y,,,,,,,,,Y,,,,,,,,,,,,,,,,,,,,,,,,,
stu360,46,76,,,,,,,,,,,Y,Y,,Y,Y,,,,,,,,,,,,,,,,,,Y,,Y,,,,,,,,,,,,,Y,Y,,,,,,,,,,,
stu361,37,85,,,,,,,,,,,Y,Y,,Y,Y,,,,,,,,,,,,,,,,,,Y,,Y,,,,,,,,,,,,,Y,Y,,,,,,,,,,,
stu362,52,70,,,,,,,,,,,Y,Y,Y,Y,Y,Y,Y,,,,,,,,,,,,,,,,Y,,Y,Y,,,,,,,,,,,,,,,,,,,,,,,,
stu363,51,71,,,,,,,,,,,Y,Y,,Y,Y,,,,,,,,,,,,,,,,Y,Y,,,Y,,,,,,,,,,,,,,,,,,,,,,,,,
stu364,40,82,,,,,,,,,,,Y,Y,,Y,Y,,,,,,,,,,,,,,,,,,Y,,Y,,,,,,,,,,,,,Y,Y,,,,,,,,,,,
stu365,40,82,,,,,,,,,,,Y,Y,,Y,Y,,,,,,,,,,,,,,,,,,Y,,Y,,,,,,,,,,,,,Y,Y,,,,,,,,,,,
stu366,42,80,,,,,,,,,,,Y,Y,,Y,Y,,,,,,,,,,,,,,,,,,Y,,Y,,,,,,,,,,,,,Y,Y,,,,,,,,,,,
stu367,48,74,,,,,,,,,,,Y,Y,Y,Y,Y,,Y,,,,,,,,,,,,,,,Y,Y,,Y,,,Y,,,,,,,,,,,,,,,,,,,,,,
stu368,40,82,,,,,,,,,,,Y,Y,,Y,Y,,,,,,,,,,,,,,,,,,Y,,Y,,,,,,,,,,,,,Y,Y,,,,,,,,,,,
stu369,40,82,,,,,,,,,,,Y,Y,,Y,Y,,,,,,,,,,,,,,,,,,Y,,Y,,,,,,,,,,,,,Y,Y,,,,,,,,,,,
stu370,60,62,,,,,,,,,,,Y,Y,,Y,Y,,,,,,,,,,,,,,,,,Y,Y,,Y,Y,,,,,,,,,,,,,Y,,,,,,,,,,,
stu371,40,82,,,,,,,,,,,Y,Y,,Y,Y,,,,,,,,,,,,,,,,,,Y,,Y,,,,,,,,,,,,,Y,Y,,,,,,,,,,,
stu372,37,85,,,,,,,,,,,Y,Y,,Y,Y,,,,,,,,,,,,,,,,,,Y,,Y,,,,,,,,,,,,,Y,Y,,,,,,,,,,,
stu373,42,80,,,,,,,,,,,Y,Y,,Y,Y,,,,,,,,,,,,,,,,,,Y,,Y,,,,,,,,,,,,,,Y,,,,,,,,,,,
stu374,46,76,,,,,,,,,,,Y,Y,,Y,Y,,,,,,,,,,,,,,,,,,Y,,Y,,,,,,,,,,,,,Y,Y,,,,,,,,,,,
stu375,40,82,,,,,,,,,,,Y,Y,,Y,Y,,,,,,,,,,,,,,,,,,Y,,Y,,,,,,,,,,,,,Y,Y,,,,,,,,,,,
stu376,33,89,,,,,,,,,,,Y,,,,,,,,,,,,,,,,,,,,,,Y,,Y,,,,,,,,,,,,,Y,,,,,,,,,,,,
stu377,37,85,,,,,,,,,,,Y,Y,,Y,Y,,,,,,,,,,,,,,,,,,Y,,Y,,,,,,,,,,,,,Y,Y,,,,,,,,,,,
stu378,40,82,,,,,,,,,,,Y,Y,,Y,Y,,,,,,,,,,,,,,,,,,Y,,Y,,,,,,,,,,,,,Y,Y,,,,,,,,,,,
stu379,37,85,,,,,,,,,,,Y,Y,,Y,Y,,,,,,,,,,,,,,,,,,Y,,Y,,,,,,,,,,,,,Y,Y,,,,,,,,,,,
stu380,40,82,,,,,,,,,,,Y,Y,,Y,Y,,,,,,,,,,,,,,,,,,Y,,Y,,,Y,,,,,,,,,,Y,Y,,,,,,,,,,,
stu381,37,85,,,,,,,,,,,Y,Y,,Y,Y,,,,,,,,,,,,,,,,,,Y,,Y,,,,,,,,,,,,,Y,Y,,,,,,,,,,,
stu382,24,98,,,,,,,,,,,Y,,,,,,,,,,,,,,,,,,,,Y,,,,,,,,,,,,,,,,,Y,,,,,,,,,,,,
stu383,31,91,,,,,,,,,,,Y,Y,,Y,Y,,,,,,,,,,,,,,,,,,Y,,Y,,,,,,,,,,,,,Y,Y,,,,,,,,,,,
stu384,40,82,,,,,,,,,,,Y,Y,,Y,Y,,,,,,,,,,,,,,,,,,Y,,Y,,,,,,,,,,,,,Y,Y,,,,,,,,,,,
stu385,37,85,,,,,,,,,,,Y,Y,,Y,Y,,,,,,,,,,,,,,,,,,Y,,Y,,,,,,,,,,,,,Y,Y,,,,,,,,,,,
stu386,34,88,,,,,,,,,,,Y,Y,,Y,Y,,,,,,,,,,,,,,,,,Y,,,Y,,,,,,,,,,,,,Y,Y,,,,,,,,,,,
stu387,46,76,,,,,,,,,,,Y,Y,,Y,Y,,,,,,,,,,,,,,,,,,Y,,Y,,,,,,,,,,,,,Y,Y,,,,,,,,,,,
stu388,37,85,,,,,,,,,,,Y,Y,,,,,,,,,,,,,,,,,,,Y,Y,,,Y,,,,,,,,,,,,,Y,Y,,,,,,,,,,,
stu389,37,85,,,,,,,,,,,Y,Y,,Y,Y,,,,,,,,,,,,,,,,Y,Y,,,Y,,,,,,,,,,,,,Y,Y,,,,,,,,,,,
stu390,34,88,,,,,,,,,,,Y,Y,,Y,Y,,,,,,,,,,,,,,,,,,Y,,Y,,,,,,,,,,,,,Y,Y,,,,,,,,,,,
stu391,46,76,,,,,,,,,,,Y,Y,,Y,Y,,,,,,,,,,,,,,,,,,Y,,Y,,,,,,,,,,,,,Y,Y,,,,,,,,,,,
stu392,37,85,,,,,,,,,,,Y,Y,,Y,Y,,,,,,,,,,,,,,,,,,Y,,Y,,,,,,,,,,,,,Y,Y,,,,,,,,,,,
stu393,37,85,,,,,,,,,,,Y,,,,,,,,,,,,,,,,,,,,Y,,,,,,,,,,,,,,,,,Y,,,,,,,,,,,,
stu394,37,85,,,,,,,,,,,Y,Y,,Y,Y,,,,,,,,,,,,,,,,,,Y,,Y,,,,,,,,,,,,,Y,Y,,,,,,,,,,,
stu395,31,91,,,,,,,,,,,Y,,,,,,,,,,,,,,,,,,,,,,,,,,,,,,,,,,,,,Y,,,,,,,,,,,,
stu396,40,82,,,,,,,,,,,Y,Y,,Y,Y,,,,,,,,,,,,,,,,,,Y,,Y,,,,,,,,,,,,,Y,Y,,,,,,,,,,,
stu397,43,79,,,,,,,,,,,Y,Y,,Y,Y,,,,,,,,,,,,,,,,,,Y,,Y,,,,,,,,,,,,,Y,Y,,,,,,,,,,,
stu398,42,80,,,,,,,,,,,Y,Y,,Y,Y,,,,,,,,,,,,,,,,,,Y,,Y,,,,Y,,,,,,,,,Y,Y,,,,,,,,,,,
stu399,40,82,,,,,,,,,,,Y,Y,,Y,Y,,,,,,,,,,,,,,,,,,Y,,Y,,,,,,,,,,,,,Y,Y,,,,,,,,,,,
stu400,43,79,,,,,,,,,,,Y,Y,,Y,Y,,,,,,,,,,,,,,,,,,Y,,Y,,,,,,,,,,,,,Y,Y,,,,,,,,,,,
stu401,37,85,,,,,,,,,,,Y,Y,,Y,Y,,,,,,,,,,,,,,,,Y,Y,,,Y,,,,,,,,,,,,,Y,Y,,,,,,,,,,,
stu402,37,85,,,,,,,,,,,Y,Y,,Y,Y,,,,,,,,,,,,,,,,,,Y,,Y,,,,,,,,,,,,,Y,Y,,,,,,,,,,,
stu403,37,85,,,,,,,,,,,Y,Y,,Y,Y,,,,,,,,,,,,,,,,,,Y,,Y,,,,,,,,,,,,,Y,Y,,,,,,,,,,,
stu404,46,76,,,,,,,,,,,Y,Y,,Y,Y,,,,,,,,,,,,,,,,,,Y,,Y,,,,,,,,,,,,,Y,Y,,,,,,,,,,,
stu405,31,91,,,,,,,,,,,Y,Y,,Y,Y,,,,,,,,,,,,,,,,,,,,Y,,,,,,,,,,,,,Y,Y,,,,,,,,,,,
stu406,46,76,,,,,,,,,,,Y,Y,,Y,Y,,,,,,,,,,,,,,,,,,Y,,Y,,,,,,,,,,,,,Y,Y,,,,,,,,,,,
stu407,31,91,,,,,,,,,,,Y,Y,,Y,Y,,,,,,,,,,,,,,,,Y,Y,,,Y,,,,,,,,,,,,,Y,Y,,,,,,,,,,,
stu408,30,92,,,,,,,,,,,Y,,,,,,,,,,,,,,,,,,,,,,Y,,,,,,,,,,,,,,,Y,,,,,,,,,,,,
stu409,31,91,,,,,,,,,,,Y,,,,,,,,,,,,,,,,,,,,,,,,Y,,,,,,,,,,,,,Y,,,,,,,,,,,,
stu410,36,86,,,,,,,,,,,Y,Y,,Y,Y,,,,,,,,,,,,,,,,,,Y,,Y,,,,,,,,,,,,,Y,Y,,,,,,,,,,,
stu411,40,82,,,,,,,,,,,Y,Y,,Y,Y,,,,,,,,,,,,,,,,,,Y,,Y,,,,,,,,,,,,,Y,Y,,,,,,,,,,,
stu412,34,88,,,,,,,,,,,Y,Y,,Y,Y,,,,,,,,,,,,,,,,,,,,Y,,,,,,,,,,,,,Y,Y,,,,,,,,,,,
stu413,34,88,,,,,,,,,,,Y,Y,,Y,Y,,,,,,,,,,,,,,,,,,Y,,Y,,,,,,,,,,,,,Y,Y,,,,,,,,,,,
stu414,40,82,,,,,,,,,,,Y,Y,,Y,Y,,,,,,,,,,,,,,,,,,Y,,Y,,,,,,,,,,,,,Y,Y,,,,,,,,,,,
stu415,37,85,,,,,,,,,,,Y,Y,,Y,Y,,,,,,,,,,,,,,,,,,Y,,Y,,,,,,,,,,,,,Y,Y,,,,,,,,,,,
stu416,24,98,,,,,,,,,,,Y,,,,,,,,,,,,,,,,,,,,,,Y,,,,,,,,,,,,,,,Y,,,,,,,,,,,,
stu417,37,85,,,,,,,,,,,Y,Y,,,,,,,,,,,,,,,,,,,Y,Y,,,Y,,,,,,,,,,,,,Y,Y,,,,,,,,,,,
stu418,24,98,,,,,,,,,,,Y,,,,,,,,,,,,,,,,,,,,,,,,Y,,,,,,,,,,,,,Y,,,,,,,,,,,,
stu419,34,88,,,,,,,,,,,Y,Y,,,,,,,,,,,,,,,,,,,Y,Y,,,Y,,,,,,,,,,,,,Y,Y,,,,,,,,,,,
stu420,43,79,,,,,,,,,,,Y,Y,,Y,Y,,,,,,,,,,,,,,,,,,Y,,Y,,,,,,,,,,,,,Y,Y,,,,,,,,,,,
stu421,28,94,,,,,,,,,,,Y,Y,,,,,,,,,,,,,,,,,,,Y,,,,,,,,,,,,,,,,,Y,Y,,,,,,,,,,,
stu422,39,83,,,,,,,,,,,Y,Y,,Y,Y,,,,,,,,,,,,,,,,,,Y,,Y,,,,,,,,,,,,,,Y,,,,,,,,,,,
stu423,38,84,,,,,,,,,,,Y,Y,,,,,,,,,,,,,,,,,,,Y,,,,,,,,,,,,,,,,,Y,Y,,,,,,,,,,,
stu424,34,88,,,,,,,,,,,Y,Y,,,,,,,,,,,,,,,,,,,,,,,Y,,,,,,,,,,,,,Y,Y,,,,,,,,,,,
stu425,37,85,,,,,,,,,,,Y,Y,,Y,Y,,,,,,,,,,,,,,,,,,Y,,Y,,,,,,,,,,,,,Y,Y,,,,,,,,,,,
stu426,43,79,,,,,,,,,,,Y,Y,,Y,Y,,,,,,,,,,,,,,,,,,Y,,Y,,,,,,,,,,,,,Y,Y,,,,,,,,,,,
stu427,34,88,,,,,,,,,,,Y,Y,,Y,Y,,,,,,,,,,,,,,,,,,Y,,Y,,,,,,,,,,,,,Y,Y,,,,,,,,,,,
stu428,34,88,,,,,,,,,,,Y,Y,,Y,Y,,,,,,,,,,,,,,,,Y,Y,,,Y,,,,,,,,,,,,,Y,Y,,,,,,,,,,,
stu429,33,89,,,,,,,,,,,Y,,,,,,,,,,,,,,,,,,,,,,Y,,Y,,,,,,,,,,,,,Y,,,,,,,,,,,,
stu430,37,85,,,,,,,,,,,Y,Y,,Y,Y,,,,,,,,,,,,,,,,,,Y,,Y,,,,,,,,,,,,,Y,Y,,,,,,,,,,,
stu431,40,82,,,,,,,,,,,Y,Y,,Y,Y,,,,,,,,,,,,,,,,,,Y,,Y,,,,,,,,,,,,,Y,Y,,,,,,,,,,,
stu432,37,85,,,,,,,,,,,Y,Y,,Y,Y,,,,,,,,,,,,,,,,,,Y,,Y,,,,,,,,,,,,,Y,Y,,,,,,,,,,,
stu433,41,81,,,,,,,,,,,Y,,,,,,,,,,,,,,,,,,,,,,Y,,Y,,,,Y,,,,,,,,,Y,,,,,,,,,,,,
stu434,40,82,,,,,,,,,,,Y,Y,,Y,Y,,,,,,,,,,,,,,,,,,Y,,Y,,,,,,,,,,,,,Y,Y,,,,,,,,,,,
stu435,37,85,,,,,,,,,,,Y,Y,,Y,Y,,,,,,,,,,,,,,,,,,Y,,Y,,,,,,,,,,,,,Y,Y,,,,,,,,,,,
stu436,40,82,,,,,,,,,,,Y,Y,,Y,Y,,,,,,,,,,,,,,,,,,Y,,Y,,,,,,,,,,,,,Y,Y,,,,,,,,,,,
stu437,34,88,,,,,,,,,,,Y,Y,,Y,Y,,,,,,,,,,,,,,,,,,Y,,Y,,,,,,,,,,,,,Y,Y,,,,,,,,,,,
stu438,37,85,,,,,,,,,,,Y,Y,,Y,Y,,,,,,,,,,,,,,,,,,Y,,Y,,,,,,,,,,,,,Y,Y,,,,,,,,,,,
stu439,36,86,,,,,,,,,,,Y,Y,,Y,Y,,,,,,,,,,,,,,,,,,,,Y,,,,,,,,,,,,,,Y,,,,,,,,,,,
stu440,43,79,,,,,,,,,,,Y,Y,,Y,Y,,,,,,,,,,,,,,,,,,Y,,Y,,,,,,,,,,,,,Y,Y,,,,,,,,,,,
stu441,37,85,,,,,,,,,,,Y,Y,,Y,Y,,,,,,,,,,,,,,,,,,Y,,Y,,,,,,,,,,,,,Y,Y,,,,,,,,,,,
stu442,39,83,,,,,,,,,,,Y,Y,,Y,Y,,,,,,,,,,,,,,,,,,Y,,Y,,,,,,,,,,,,,Y,Y,,,,,,,,,,,
stu443,43,79,,,,,,,,,,,Y,Y,,Y,Y,,,,,,,,,,,,,,,,,,Y,,Y,,,,,,,,,,,,,Y,Y,,,,,,,,,,,
stu444,34,88,,,,,,,,,,,Y,Y,,Y,Y,,,,,,,,,,,,,,,,,,Y,,Y,,,,,,,,,,,,,Y,Y,,,,,,,,,,,
stu445,37,85,,,,,,,,,,,Y,Y,,Y,Y,,,,,,,,,,,,,,,,,Y,Y,,Y,,,,,,,,,,,,,Y,Y,,,,,,,,,,,
stu446,48,74,,,,,,,,,,,Y,Y,,Y,Y,,,,,,,,,,,,,,,,Y,Y,,,,,,,,,,,,,,,,Y,Y,,,,,,,,,,,
stu447,40,82,,,,,,,,,,,Y,Y,,Y,Y,,,,,,,,,,,,,,,,,Y,,,Y,,,,,,,,,,,,,Y,Y,,,,,,,,,,,
stu448,24,98,,,,,,,,,,,Y,,,,,,,,,,,,,,,,,,,,,,,,Y,,,,,,,,,,,,,Y,,,,,,,,,,,,
stu449,31,91,,,,,,,,,,,Y,,,,,,,,,,,,,,,,,,,,,,Y,,Y,,,,,,,,,,,,,Y,,,,,,,,,,,,
stu450,40,82,,,,,,,,,,,Y,Y,,Y,Y,,,,,,,,,,,,,,,,,,Y,,Y,,,,,,,,,,,,,Y,Y,,,,,,,,,,,
stu451,37,85,,,,,,,,,,,Y,Y,,Y,Y,,,,,,,,,,,,,,,,,,Y,,Y,,,,,,,,,,,,,Y,Y,,,,,,,,,,,
stu452,24,98,,,,,,,,,,,Y,,,,,,,,,,,,,,,,,,,,,,,,Y,,,,,,,,,,,,,Y,,,,,,,,,,,,
stu453,37,85,,,,,,,,,,,Y,Y,,Y,Y,,,,,,,,,,,,,,,,,,Y,,Y,,,,,,,,,,,,,Y,Y,,,,,,,,,,,
stu454,46,76,,,,,,,,,,,Y,Y,,Y,Y,,,,,,,,,,,,,,,,,,Y,,Y,,,,,,,,,,,,,Y,Y,,,,,,,,,,,
stu455,40,82,,,,,,,,,,,Y,Y,,Y,Y,,,,,,,,,,,,,,,,,,Y,,Y,,,,,,,,,,,,,Y,Y,,,,,,,,,,,
stu456,37,85,,,,,,,,,,,Y,Y,,Y,Y,,,,,,,,,,,,,,,,,,,,Y,,,,,,,,,,,,,Y,Y,,,,,,,,,,,
stu457,37,85,,,,,,,,,,,Y,Y,,Y,Y,,,,,,,,,,,,,,,,,,Y,,Y,,,,,,,,,,,,,Y,Y,,,,,,,,,,,
stu458,37,85,,,,,,,,,,,Y,Y,,Y,Y,,,,,,,,,,,,,,,,Y,Y,,,Y,,,,,,,,,,,,,Y,Y,,,,,,,,,,,
stu459,43,79,,,,,,,,,,,Y,Y,,Y,Y,,,,,,,,,,,,,,,,,,Y,,Y,,,,,,,,,,,,,Y,Y,,,,,,,,,,,
stu460,24,98,,,,,,,,,,,Y,,,,,,,,,,,,,,,,,,,,,,,,Y,,,,,,,,,,,,,Y,,,,,,,,,,,,
stu461,46,76,,,,,,,,,,,Y,Y,,Y,Y,,,,,,,,,,,,,,,,,,Y,,Y,,,,,,,,,,,,,Y,Y,,,,,,,,,,,
stu462,37,85,,,,,,,,,,,Y,Y,,Y,Y,,,,,,,,,,,,,,,,,,Y,,Y,,,,,,,,,,,,,Y,Y,,,,,,,,,,,
stu463,24,98,,,,,,,,,,,Y,,,,,,,,,,,,,,,,,,,,,,,,Y,,,,,,,,,,,,,Y,,,,,,,,,,,,
stu464,43,79,,,,,,,,,,,Y,Y,,Y,Y,,,,,,,,,,,,,,,,,,Y,,Y,,,,,,,,,,,,,Y,Y,,,,,,,,,,,
stu465,37,85,,,,,,,,,,,Y,Y,,Y,Y,,,,,,,,,,,,,,,,,,Y,,Y,,,,,,,,,,,,,Y,Y,,,,,,,,,,,
stu466,37,85,,,,,,,,,,,Y,Y,,Y,Y,,,,,,,,,,,,,,,,,,Y,,Y,,,Y,,,,,,,,,,Y,Y,,,,,,,,,,,
stu467,37,85,,,,,,,,,,,Y,Y,,Y,Y,,,,,,,,,,,,,,,,,,Y,,Y,,,,,,,,,,,,,Y,Y,,,,,,,,,,,
stu468,27,95,,,,,,,,,,,Y,,,,,,,,,,,,,,,,,,,,,,Y,,Y,,,,,,,,,,,,,Y,,,,,,,,,,,,
stu469,37,85,,,,,,,,,,,Y,Y,,Y,Y,,,,,,,,,,,,,,,,,,,,Y,,,,,,,,,,,,,Y,Y,,,,,,,,,,,
stu470,33,89,,,,,,,,,,,Y,,,,,,,,,,,,,,,,,,,,,,Y,,Y,,,,,,,,,,,,,Y,,,,,,,,,,,,
stu471,40,82,,,,,,,,,,,Y,Y,,Y,Y,,,,,,,,,,,,,,,,,,Y,,Y,,,,,,,,,,,,,Y,Y,,,,,,,,,,,
stu472,33,89,,,,,,,,,,,Y,Y,,Y,Y,,,,,,,,,,,,,,,,,,,,Y,,,,,,,,,,,,,Y,Y,,,,,,,,,,,
stu473,40,82,,,,,,,,,,,Y,Y,,Y,Y,,,,,,,,,,,,,,,,,,Y,,Y,,,,,,,,,,,,,Y,Y,,,,,,,,,,,
stu474,46,76,,,,,,,,,,,Y,,,,,,,,,,,,,,,,,,,,,,,,Y,,,,,,,,,,,,,Y,,,,,,,,,,,,
stu475,30,92,,,,,,,,,,,Y,,,,,,,,,,,,,,,,,,,,,,Y,,Y,,,,,,,,,,,,,Y,,,,,,,,,,,,
stu476,37,85,,,,,,,,,,,Y,Y,,Y,Y,,,,,,,,,,,,,,,,,,Y,,Y,,,,,,,,,,,,,Y,Y,,,,,,,,,,,
stu477,43,79,,,,,,,,,,,Y,Y,,Y,Y,,,,,,,,,,,,,,,,,,Y,,Y,,,,,,,,,,,,,Y,Y,,,,,,,,,,,
stu478,34,88,,,,,,,,,,,Y,Y,,Y,Y,,,,,,,,,,,,,,,,,,Y,,Y,,,,,,,,,,,,,Y,Y,,,,,,,,,,,
stu479,30,92,,,,,,,,,,,Y,,,,,,,,,,,,,,,,,,,,,,Y,,Y,Y,,Y,,,,Y,,,,,,Y,,,,,,,,,,,,
stu480,43,79,,,,,,,,,,,Y,Y,,Y,Y,,,,,,,,,,,,,,,,,,Y,,Y,,,,,,,,,,,,,Y,Y,,,,,,,,,,,
stu481,37,85,,,,,,,,,,,Y,Y,,Y,Y,,,,,,,,,,,,,,,,,,Y,,Y,,,,,,,,,,,,,Y,Y,,,,,,,,,,,
stu482,33,89,,,,,,,,,,,Y,,,,,,,,,,,,,,,,,,,,Y,,,,,,,,,,,,,,,,,Y,,,,,,,,,,,,
stu483,37,85,,,,,,,,,,,Y,Y,,Y,Y,,,,,,,,,,,,,,,,,,Y,,Y,,,,,,,,,,,,,Y,Y,,,,,,,,,,,
stu484,40,82,,,,,,,,,,,Y,Y,,Y,,,,,,,,,,,,,,,,,Y,Y,,,Y,,,,,,,,,,,,,Y,Y,,,,,,,,,,,
stu485,37,85,,,,,,,,,,,Y,Y,,Y,Y,,,,,,,,,,,,,,,,,,,,Y,,,,,,,,,,,,,Y,Y,,,,,,,,,,,
stu486,37,85,,,,,,,,,,,Y,Y,,Y,Y,,,,,,,,,,,,,,,,,,Y,,Y,,,,,,,,,,,,,Y,Y,,,,,,,,,,,
stu487,37,85,,,,,,,,,,,Y,Y,,Y,Y,,,,,,,,,,,,,,,,,,Y,,Y,,,,,,,,,,,,,Y,Y,,,,,,,,,,,
stu488,24,98,,,,,,,,,,,Y,,,,,,,,,,,,,,,,,,,,,,,,Y,,,,,,,,,,,,,Y,,,,,,,,,,,,
stu489,31,91,,,,,,,,,,,Y,,,,,,,,,,,,,,,,,,,,,,,,,,,,,,,,,,,,,Y,,,,,,,,,,,,
stu490,40,82,,,,,,,,,,,Y,Y,,Y,Y,,,,,,,,,,,,,,,,,,Y,,Y,,,,,,,,,,,,,Y,Y,,,,,,,,,,,
stu491,37,85,,,,,,,,,,,Y,Y,,Y,Y,,,,,,,,,,,,,,,,,,,,Y,,,,,,,,,,,,,Y,Y,,,,,,,,,,,
stu492,37,85,,,,,,,,,,,Y,Y,,Y,Y,,,,,,,,,,,,,,,,,,Y,,Y,,,,,,,,,,,,,Y,Y,,,,,,,,,,,
stu493,32,90,,,,,,,,,,,Y,,,,,,,,,,,,,,,,,,,,Y,,,,,,,,,,,,,,Y,,,Y,,,,,,,,,,,,
stu494,37,85,,,,,,,,,,,Y,Y,,Y,Y,,,,,,,,,,,,,,,,,,Y,,Y,,,,,,,,,,,,,Y,Y,,,,,,,,,,,
stu495,37,85,,,,,,,,,,,Y,Y,,Y,Y,,,,,,,,,,,,,,,,,,Y,,Y,,,,,,,,,,,,,Y,Y,,,,,,,,,,,
stu496,36,86,,,,,,,,,,,Y,Y,,Y,Y,,,,,,,,,,,,,,,,,,Y,,Y,,,,,,,,,,,,,Y,Y,,,,,,,,,,,
stu497,33,89,,,,,,,,,,,Y,,,,,,,,,,,,,,,,,,,,,,,,Y,,,,,,,,,,,,,Y,,,,,,,,,,,,
stu498,37,85,,,,,,,,,,,Y,,,,,,,,,,,,,,,,,,,,,,Y,,Y,,,,,,,,,,,,,Y,,,,,,,,,,,,
stu499,37,85,,,,,,,,,,,Y,,,,,,,,,,,,,,,,,,,,,,,,Y,,,,,,,,,,,,,Y,,,,,,,,,,,,
stu500,43,79,,,,,,,,,,,Y,Y,,Y,Y,,,,,,,,,,,,,,,,,,Y,,Y,,,,,,,,,,,,,Y,Y,,,,,,,,,,,
stu501,40,82,,,,,,,,,,,Y,Y,,Y,Y,,,,,,,,,,,,,,,,,,,,Y,,,,,,,,,,,,,Y,Y,,,,,,,,,,,
stu502,40,82,,,,,,,,,,,Y,Y,,Y,Y,,,,,,,,,,,,,,,,,,Y,,Y,,,,,,,,,,,,,Y,Y,,,,,,,,,,,
stu503,36,86,,,,,,,,,,,Y,Y,,Y,Y,,,,,,,,,,,,,,,,,,Y,,Y,,,,,,,,,,,,,Y,Y,,,,,,,,,,,
stu504,37,85,,,,,,,,,,,Y,Y,,Y,Y,,,,,,,,,,,,,,,,,,Y,,Y,,,,,,,,,,,,,Y,Y,,,,,,,,,,,
stu505,43,79,,,,,,,,,,,Y,Y,,Y,Y,,,,,,,,,,,,,,,,,,Y,,Y,,,,,,,,,,,,,Y,Y,,,,,,,,,,,
stu506,43,79,,,,,,,,,,,Y,Y,,Y,Y,,,,,,,,,,,,,,,,,,Y,,Y,,,,,,,,,,,,,Y,Y,,,,,,,,,,,
stu507,39,83,,,,,,,,,,,Y,Y,,Y,Y,,,,,,,,,,,,,,,,,,Y,,Y,,,,,,,,,,,,,Y,Y,,,,,,,,,,,
stu508,36,86,,,,,,,,,,,Y,Y,,Y,Y,,,,,,,,,,,,,,,,,,Y,,Y,,,,,,,,,,,,,Y,Y,,,,,,,,,,,
stu509,43,79,,,,,,,,,,,Y,Y,,Y,Y,,,,,,,,,,,,,,,,,,Y,,Y,,,,,,,,,,,,,Y,Y,,,,,,,,,,,
stu510,37,85,,,,,,,,,,,Y,Y,,Y,Y,,,,,,,,,,,,,,,,,,Y,,Y,,,,,,,,,,,,,Y,Y,,,,,,,,,,,
stu511,34,88,,,,,,,,,,,Y,Y,,Y,Y,,,,,,,,,,,,,,,,,,,,Y,,,,,,,,,,,,,Y,Y,,,,,,,,,,,
stu512,37,85,,,,,,,,,,,Y,Y,,Y,Y,,,,,,,,,,,,,,,,,,Y,,Y,,,,,,,,,,,,,Y,Y,,,,,,,,,,,
stu513,37,85,,,,,,,,,,,Y,Y,,Y,Y,,,,,,,,,,,,,,,,,,Y,,Y,,,,,,,,,,,,,Y,Y,,,,,,,,,,,
stu514,24,98,,,,,,,,,,,Y,,,,,,,,,,,,,,,,,,,,,,,,Y,,,,,,,,,,,,,Y,,,,,,,,,,,,
stu515,24,98,,,,,,,,,,,Y,,,,,,,,,,,,,,,,,,,,Y,,,,,,,,,,,,,,,,,Y,,,,,,,,,,,,
stu516,30,92,,,,,,,,,,,Y,,,,,,,,,,,,,,,,,,,,,,,,,,,,,,,,,,,,,Y,,,,,,,,,,,,
stu517,40,82,,,,,,,,,,,Y,Y,,Y,Y,,,,,,,,,,,,,,,,,,Y,,Y,,,,,,,,,,,,,Y,Y,,,,,,,,,,,
stu518,37,85,,,,,,,,,,,Y,Y,,Y,Y,,,,,,,,,,,,,,,,,,Y,,Y,,,,,,,,,,,,,Y,Y,,,,,,,,,,,
stu519,30,92,,,,,,,,,,,Y,,,,,,,,,,,,,,,,,,,,,,,,Y,,,,,,,,,,,,,Y,,,,,,,,,,,,
stu520,37,85,,,,,,,,,,,Y,Y,,Y,Y,,,,,,,,,,,,,,,,,,Y,,Y,,,,,,,,,,,,,Y,Y,,,,,,,,,,,
stu521,43,79,,,,,,,,,,,Y,Y,,Y,Y,,,,,,,,,,,,,,,,,,Y,,Y,,,,,,,,,,,,,Y,Y,,,,,,,,,,,
stu522,37,85,,,,,,,,,,,Y,Y,,Y,Y,,,,,,,,,,,,,,,,,,Y,,Y,,,,,,,,,,,,,Y,Y,,,,,,,,,,,
stu523,34,88,,,,,,,,,,,Y,Y,,Y,Y,,,,,,,,,,,,,,,,,,,,Y,,,,,,,,,,,,,Y,Y,,,,,,,,,,,
stu524,39,83,,,,,,,,,,,Y,Y,,Y,Y,,,,,,,,,,,,,,,,,,Y,,Y,,,,,,,,,,,,,Y,Y,,,,,,,,,,,
stu525,37,85,,,,,,,,,,,Y,Y,,Y,Y,,,,,,,,,,,,,,,,,,Y,,Y,,,,,,,,,,,,,Y,Y,,,,,,,,,,,
stu526,40,82,,,,,,,,,,,Y,Y,,Y,Y,,,,,,,,,,,,,,,,,,,,Y,,,,,,,,,,,,,Y,Y,,,,,,,,,,,
stu527,40,82,,,,,,,,,,,Y,Y,,Y,Y,,,,,,,,,,,,,,,,,,Y,,Y,,,,,,,,,,,,,Y,Y,,,,,,,,,,,
stu528,27,95,,,,,,,,,,,Y,,,,,,,,,,,,,,,,,,,,,,Y,,Y,,,,,,,,,,,,,Y,,,,,,,,,,,,
stu529,37,85,,,,,,,,,,,Y,Y,,Y,Y,,,,,,,,,,,,,,,,,,Y,,Y,,,,,,,,,,,,,Y,Y,,,,,,,,,,,
stu530,36,86,,,,,,,,,,,Y,Y,,Y,Y,,,,,,,,,,,,,,,,,,Y,,Y,,,,,,,,,,,,,,Y,,,,,,,,,,,
stu531,43,79,,,,,,,,,,,Y,Y,,Y,Y,,,,,,,,,,,,,,,,,,Y,,Y,,,,,,,,,,,,,Y,Y,,,,,,,,,,,
stu532,43,79,,,,,,,,,,,Y,Y,,Y,Y,,,,,,,,,,,,,,,,,,,,Y,,,,,,,,,,,,,Y,Y,,,,,,,,,,,
stu533,37,85,,,,,,,,,,,Y,Y,,Y,Y,,,,,,,,,,,,,,,,,,Y,,Y,,,,,,,,,,,,,Y,Y,,,,,,,,,,,
stu534,36,86,,,,,,,,,,,Y,Y,,Y,Y,,,,,,,,,,,,,,,,,,Y,,Y,,,,,,,,,,,,,Y,Y,,,,,,,,,,,
stu535,46,76,,,,,,,,,,,Y,Y,,Y,Y,,,,,,,,,,,,,,,,,,Y,,Y,,,,,,,,,,,,,Y,Y,,,,,,,,,,,
stu536,24,98,,,,,,,,,,,Y,,,,,,,,,,,,,,,,,,,,,,,,Y,,,,,,,,,,,,,Y,,,,,,,,,,,,
stu537,37,85,,,,,,,,,,,Y,Y,,Y,Y,,,,,,,,,,,,,,,,,,Y,,Y,,,,,,,,,,,,,Y,Y,,,,,,,,,,,
stu538,37,85,,,,,,,,,,,Y,Y,,Y,Y,,,,,,,,,,,,,,,,,,Y,,Y,,,,,,,,,,,,,Y,Y,,,,Y,,,,,,,
stu539,37,85,,,,,,,,,,,Y,Y,,Y,Y,,,,,,,,,,,,,,,,,,Y,,Y,,,,,,,,,,,,,Y,Y,,,,,,,,,,,
stu540,24,98,,,,,,,,,,,Y,,,,,,,,,,,,,,,,,,,,,,Y,,,,,,,,,,,,,,,Y,,,,,,,,,,,,
stu541,40,82,,,,,,,,,,,Y,Y,,Y,Y,,,,,,,,,,,,,,,,,,Y,,Y,,,,,,,,,,,,,Y,Y,,,,,,,,,,,
stu542,39,83,,,,,,,,,,,Y,Y,,Y,Y,,,,,,,,,,,,,,,,,,Y,,Y,,,,,,,,,,,,,Y,Y,,,,,,,,,,,
stu543,37,85,,,,,,,,,,,Y,Y,,Y,Y,,,,,,,,,,,,,,,,,,Y,,Y,,,,,,,,,,,,,Y,Y,,,,,,,,,,,
stu544,37,85,,,,,,,,,,,Y,Y,,Y,Y,,,,,,,,,,,,,,,,Y,Y,,,Y,,,,,,,,,,,,,Y,Y,,,,,,,,,,,
stu545,37,85,,,,,,,,,,,Y,Y,,Y,Y,,,,,,,,,,,,,,,,,,Y,,Y,,,,,,,,,,,,,Y,Y,,,,,,,,,,,
stu546,27,95,,,,,,,,,,,Y,,,,,,,,,,,,,,,,,,,,,,Y,,Y,,,,,,,,,,,,,Y,,,,,,,,,,,,
stu547,37,85,,,,,,,,,,,Y,Y,,Y,Y,,,,,,,,,,,,,,,,,,Y,,Y,,,,,,,,,,,,,Y,Y,,,,,,,,,,,
stu548,40,82,,,,,,,,,,,Y,Y,,Y,Y,,,,,,,,,,,,,,,,,,Y,,Y,,,,,,,,,,,,,Y,Y,,,,,,,,,,,
stu549,37,85,,,,,,,,,,,Y,Y,,Y,Y,,,,,,,,,,,,,,,,,,Y,,Y,,,,,,,,,,,,,Y,Y,,,,,,,,,,,
stu550,37,85,,,,,,,,,,,Y,Y,,Y,Y,,,,,,,,,,,,,,,,,,Y,,Y,,,,,,,,,,,,,Y,Y,,,,,,,,,,,
stu551,37,85,,,,,,,,,,,Y,Y,,Y,Y,,,,,,,,,,,,,,,,,,Y,,Y,,,,,,,,,,,,,Y,Y,,,,,,,,,,,
stu552,40,82,,,,,,,,,,,Y,Y,,Y,Y,,,,,,,,,,,,,,,,,,Y,,Y,,,,,,,,,,,,,Y,Y,,,,,,,,,,,
stu553,43,79,,,,,,,,,,,Y,Y,,Y,Y,,,,,,,,,,,,,,,,,,Y,,Y,,,,,,,,,,,,,Y,Y,,,,,,,,,,,
stu554,24,98,,,,,,,,,,,Y,,,,,,,,,,,,,,,,,,,,,,,,Y,,,,,,,,,,,,,Y,,,,,,,,,,,,
stu555,40,82,,,,,,,,,,,Y,Y,,Y,Y,,,,,,,,,,,,,,,,,,Y,,Y,,,,,,,,,,,,,Y,Y,,,,,,,,,,,
stu556,46,76,,,,,,,,,,,Y,Y,,Y,Y,,,,,,,,,,,,,,,,,,Y,,Y,,,,,,,,,,,,,Y,Y,,,,,,,,,,,
stu557,34,88,,,,,,,,,,,Y,,,,,,,,,,,,,,,,,,,,,,,,,,,,,,,,,,,,,Y,,,,,,,,,,,,
stu558,40,82,,,,,,,,,,,Y,Y,,Y,Y,,,,,,,,,,,,,,,,,,Y,,Y,,,,,,,,,,,,,Y,Y,,,,,,,,,,,
stu559,37,85,,,,,,,,,,,Y,Y,,,,,,,,,,,,,,,,,,,,,,,Y,,,,,,,,,,,,,Y,Y,,,,,,,,,,,
stu560,24,98,,,,,,,,,,,Y,,,,,,,,,,,,,,,,,,,,,,,,Y,,,,,,,,,,,,,Y,,,,,,,,,,,,
stu561,37,85,,,,,,,,,,,Y,Y,,Y,Y,,,,,,,,,,,,,,,,,,Y,,Y,,,,,,,,,,,,,Y,Y,,,,,,,,,,,
stu562,33,89,,,,,,,,,,,Y,,,,,,,,,,,,,,,,,,,,,,,,,,,,,,,,,,,,,Y,,,,,,,,,,,,
stu563,38,84,,,,,,,,,,,Y,,,,,,,,,,,,,,,,,,,,,,Y,,Y,,,Y,,,,,,,,,,Y,,,,,,,,,,,,
stu564,38,84,,,,,,,,,,,Y,Y,,Y,Y,,,,,,,,,,,,,,,,,,Y,,Y,,,,,,,,,,,,,Y,Y,,,,,,,,,,,
stu565,37,85,,,,,,,,,,,Y,Y,,Y,Y,,,,,,,,,,,,,,,,Y,Y,,,Y,,,,,,,,,,,,,Y,Y,,,,,,,,,,,
stu566,37,85,,,,,,,,,,,Y,Y,,Y,Y,,,,,,,,,,,,,,,,,,Y,,Y,,,,,,,,,,,,,Y,Y,,,,,,,,,,,
stu567,37,85,,,,,,,,,,,Y,Y,,Y,Y,,,,,,,,,,,,,,,,,,Y,,Y,,,,,,,,,,,,,Y,Y,,,,,,,,,,,
stu568,42,80,,,,,,,,,,,Y,Y,,Y,Y,,,,,,,,,,,,,,,,,,Y,,Y,,,,,,,,,,,,,Y,Y,,,,,,,,,,,
stu569,43,79,,,,,,,,,,,Y,Y,,Y,Y,,,,,,,,,,,,,,,,,,Y,,Y,,,,,,,,,,,,,Y,Y,,,,,,,,,,,
stu570,37,85,,,,,,,,,,,Y,Y,,Y,Y,,,,,,,,,,,,,,,,Y,Y,,,Y,,,,,,,,,,,,,Y,Y,,,,,,,,,,,
stu571,24,98,,,,,,,,,,,Y,,,,,,,,,,,,,,,,,,,,,,Y,,Y,,,,,,,,,,,,,Y,,,,,,,,,,,,
stu572,24,98,,,,,,,,,,,Y,,,,,,,,,,,,,,,,,,,,Y,,,,,,,,,,,,,,,,,Y,,,,,,,,,,,,
stu573,28,94,,,,,,,,,,,Y,,,,,,,,,,,,,,,,,,,,,,Y,,Y,,,,,,,,,,,,,Y,,,,,,,,,,,,
stu574,34,88,,,,,,,,,,,Y,Y,,Y,Y,,,,,,,,,,,,,,,,,,,,Y,,,,,,,,,,,,,Y,Y,,,,,,,,,,,
stu575,30,92,,,,,,,,,,,Y,Y,,Y,Y,,,,,,,,,,,,,,,,Y,Y,,,Y,,,,,,,,,,,,,,Y,,,,,,,,,,,
stu576,30,92,,,,,,,,,,,Y,,,,,,,,,,,,,,,,,,,,,,Y,,Y,,,,,,,,,,,,,Y,,,,,,,,,,,,
stu577,37,85,,,,,,,,,,,Y,Y,,Y,Y,,,,,,,,,,,,,,,,Y,Y,,,Y,,,,,,,,,,,,,Y,Y,,,,,,,,,,,
stu578,21,101,,,,,,,,,,,Y,,,,,,,,,,,,,,,,,,,,Y,,,,,,,,,,,,,,,,,Y,,,,,,,,,,,,
stu579,37,85,,,,,,,,,,,Y,Y,,Y,Y,,,,,,,,,,,,,,,,,,Y,,Y,,,,,,,,,,,,,Y,Y,,,,,,,,,,,
stu580,31,91,,,,,,,,,,,Y,,,,,,,,,,,,,,,,,,,,,,Y,,Y,,,,,,,,,,,,,Y,,,,,,,,,,,,
stu581,24,98,,,,,,,,,,,Y,,,,,,,,,,,,,,,,,,,,,,,,Y,,,,,,,,,,,,,Y,,,,,,,,,,,,
stu582,37,85,,,,,,,,,,,Y,Y,,Y,Y,,,,,,,,,,,,,,,,,,Y,,Y,,,,,,,,,,,,,Y,Y,,,,,,,,,,,
stu583,18,104,,,,,,,,,,,Y,,,,,,,,,,,,,,,,,,,,Y,,,,,,,,,,,,,,,,,Y,,,,,,,,,,,,
stu584,34,88,,,,,,,,,,,Y,Y,,Y,Y,,,,,,,,,,,,,,,,Y,Y,,,Y,,,,,,,,,,,,,Y,Y,,,,,,,,,,,
stu585,37,85,,,,,,,,,,,Y,Y,,Y,Y,,,,,,,,,,,,,,,,,,Y,,Y,,,,,,,,,,,,,Y,Y,,,,,,,,,,,
stu586,40,82,,,,,,,,,,,Y,Y,,Y,Y,,,,,,,,,,,,,,,,,,Y,,Y,,,Y,,,,,,,,,,Y,Y,,,,,,,,,,,
stu587,37,85,,,,,,,,,,,Y,Y,,Y,Y,,,,,,,,,,,,,,,,,,Y,,Y,,,,,,,,,,,,,Y,Y,,,,,,,,,,,
stu588,24,98,,,,,,,,,,,Y,,,,,,,,,,,,,,,,,,,,,,,,Y,,,,,,,,,,,,,Y,,,,,,,,,,,,
stu589,24,98,,,,,,,,,,,Y,,,,,,,,,,,,,,,,,,,,,,Y,,,,,,,,,,,,,,,Y,,,,,,,,,,,,
stu590,21,101,,,,,,,,,,,Y,,,,,,,,,,,,,,,,,,,,Y,,,,,,,,,,,,,,,,,Y,,,,,,,,,,,,
stu591,24,98,,,,,,,,,,,Y,,,,,,,,,,,,,,,,,,,,,,,,Y,,,,,,,,,,,,,Y,,,,,,,,,,,,
stu592,24,98,,,,,,,,,,,Y,,,,,,,,,,,,,,,,,,,,,,Y,,Y,,,,,,,,,,,,,Y,,,,,,,,,,,,
stu593,24,98,,,,,,,,,,,Y,,,,,,,,,,,,,,,,,,,,,,,,Y,,,,,,,,,,,,,Y,,,,,,,,,,,,
stu594,24,98,,,,,,,,,,,Y,,,,,,,,,,,,,,,,,,,,,,Y,,Y,,,,,,,,,,,,,Y,,,,,,,,,,,,
stu595,111,11,,,,,,,,,,,,Y,Y,Y,Y,Y,Y,,Y,,Y,Y,Y,Y,,Y,Y,Y,Y,,,,Y,,Y,Y,,,Y,Y,,,,,,,,,,,Y,Y,,,,,,,,
stu596,122,0,,,,,,,,,,,,Y,Y,Y,Y,Y,Y,,Y,,Y,Y,Y,Y,,,Y,Y,,,,,Y,,Y,Y,,,,Y,,,,,,,,,,,Y,,Y,,,,,,,
stu597,86,36,,,,,,,,,,,,Y,Y,Y,Y,Y,Y,,,,,,,,,,Y,Y,,,,,Y,Y,Y,,,Y,,,,,,,,,,,,,,,,,,,,,,
stu598,117,5,,,,,,,,,,,,Y,Y,Y,Y,Y,Y,,,,Y,Y,Y,Y,,Y,Y,Y,,,,,Y,,Y,Y,,,Y,Y,,,,,,,,,,,Y,,Y,,,,,,,
stu599,94,28,,,,,,,,,,,,Y,Y,Y,Y,Y,Y,,Y,,Y,Y,Y,,,,Y,,,,,,Y,,Y,,,Y,Y,Y,,,,,,,,,,,,,,Y,,,,,,
stu600,87,35,,,,,,,,,,,,Y,Y,Y,Y,,Y,,,,Y,,,,,Y,Y,,,,,,Y,,Y,,,Y,Y,Y,,,,,,,,,,,,,,,,,,,,
stu601,114,8,,,,,,,,,,,,Y,Y,Y,Y,Y,Y,,Y,Y,Y,Y,,,Y,Y,Y,Y,Y,,,,Y,Y,Y,,,Y,Y,Y,,,,,,,,,,,,,Y,Y,,,,,,
stu602,95,27,,,,,,,,,,,,Y,Y,Y,Y,Y,Y,,Y,Y,Y,Y,,,,Y,Y,,Y,,,,Y,,Y,,,Y,,Y,,,,,,,,,,Y,,,Y,Y,,,,,,
stu603,62,60,,,,,,,,,,,,Y,Y,Y,Y,Y,Y,,,,,,,,,,,,,,,,Y,,Y,,,Y,,,,,,,,,,,,,,,,,,,,,,
stu604,79,43,,,,,,,,,,,,Y,Y,Y,Y,Y,Y,,,,,,,,,,,,,,,,Y,Y,Y,,,Y,Y,,,,,,,,,,,,,,,,,,,,,
stu605,59,63,,,,,,,,,,,,Y,Y,Y,Y,Y,Y,,,,,,,,,,,,,,,,Y,Y,Y,Y,,Y,,,,,,,,,,,,,,,,,,,,,,
stu606,85,37,,,,,,,,,,,,Y,Y,Y,Y,Y,Y,,Y,,Y,Y,Y,,,,Y,,,,,,Y,,,,,,,Y,,,,,,,,,,,,,,Y,,,,,,
stu607,79,43,,,,,,,,,,,,Y,Y,Y,Y,Y,Y,,,,,,,,,,,,,,,,Y,Y,Y,Y,,Y,,,,,,,,,,,,,,,,,,,,,,
stu608,125,-3,,,,,,,,,,,,,Y,Y,,Y,Y,,Y,,Y,Y,,Y,,Y,Y,Y,Y,,Y,Y,Y,,Y,,,Y,Y,Y,,,,,,,,,,Y,,,Y,,,Y,,,,
stu609,73,49,,,,,,,,,,,,,Y,Y,Y,Y,Y,,,,,,,,,,,,,,,,,,Y,,,,,,,,,,,,,,,,,,,,,,,,,
stu610,108,14,,,,,,,,,,,,,Y,Y,Y,Y,Y,,Y,Y,Y,Y,,,,Y,Y,Y,,,,,Y,Y,Y,Y,,Y,,Y,,,,,,,,,,,,,,Y,,,,,,
stu611,109,13,,,,,,,,,,,,,Y,,,Y,Y,Y,,,,Y,,,,,Y,Y,,,,,Y,Y,Y,,,Y,,Y,,,,,,,,,,,,,Y,,,,,,,
stu612,90,32,,,,,,,,,,,,,Y,,,Y,,,,,,,,,,,,,,,,,Y,Y,Y,,,Y,Y,Y,,,,,,,,,,,,,,,,,,,,
stu613,86,36,,,,,,,,,,,,,Y,,,Y,Y,Y,,,,Y,,Y,,,Y,Y,,,,,Y,,Y,,,Y,,Y,,,,,,,,,,,,,,,,,,,,
stu614,69,53,,,,,,,,,,,,,Y,Y,Y,,Y,,,,Y,,,,,,,,,,,,Y,Y,Y,,,Y,,,,,,,,,,,,,,,,,,,,,,
stu615,73,49,,,,,,,,,,,,,Y,Y,Y,,Y,,,,,,,,,,,,,,,,Y,,Y,,,Y,,,,,,,,,,,,,,,,,,,,,,
stu616,59,63,,,,,,,,,,,,,Y,Y,Y,,Y,,,,,,,,,,,Y,,,,,Y,Y,Y,,,Y,,Y,,,,,,,,,,,,,,,,,,,,
stu617,81,41,,,,,,,,,,,,,Y,Y,Y,,Y,,,,,,,,,,,Y,,,,,Y,Y,Y,,,Y,,Y,,,,,,,,,,,,,,,,,,,,
stu618,96,26,,,,,,,,,,,,,Y,Y,Y,,,Y,,,,,,,,,Y,Y,,,,,,,,,,Y,,,,,,,,,,,,,,,Y,,,,,,,
stu619,91,31,,,,,,,,,,,,,,Y,Y,Y,,,,,Y,,,,,,,,,,Y,Y,Y,,Y,,,,,,,,,,,,,,,,,,,,,,,,,
stu620,24,98,,,,,,,,,,,,,,,,,,,,Y,,,,,,,,,,,,,,,,Y,,,,,,,,,,,,,,,,,,,,,,,,
stu621,37,85,,,,,,,,,,,,,,,,,,,,,,,,,,,,,,,Y,Y,,,,,,,,,,,,,,,,,,,,,,,,,,,,
stu622,36,86,,,,,,,,,,,,,,,,,,,,,,,,,,,,,,,Y,Y,,,,,,,,,,,,,,,,,,,,,,,,,,,,
stu623,39,83,,,,,,,,,,,,,,,,,,,,,,,,,,,,,,,,,Y,,,,,Y,,,,,,,,,,,,,,,,,,,,,,
stu624,30,92,,,,,,,,,,,,,,,,,,,,,,,,,,,,,,,,,Y,,,,,,,,,,,,,,,,,,,,,,,,,,,
stu625,24,98,,,,,,,,,,,,,,,,,,,,,,,,,,,,,,,,,Y,,,,,,,,,,,,,,,,,,,,,,,,,,,
stu626,33,89,,,,,,,,,,,,,,,,,,,,,,,,,,,,,,,,,,,Y,,,,,,,,,,,,,,,,,,,,,,,,,
stu627,33,89,,,,,,,,,,,,,,,,,,,,,,,,,,,,,,,,,,,Y,,,,,,,,,,,,,,,,,,,,,,,,,
